idEmployee,name,lastName,email,team
01H0B0GZQEMGNNGMQH756152TH,Barry,Garnall,bgarnall0@mozilla.com,Maroon
01H0B0GZQF6HN28AQGPXNK2EY6,Kyle,Quennell,kquennell1@smh.com.au,Indigo
01H0B0GZQGSJHB605TQA3DVQBT,Farrah,Percifer,fpercifer2@reference.com,Yellow
01H0B0GZQGHE8ZNWPJ7HM5N7B3,Chariot,Tootell,ctootell3@google.cn,Crimson
01H0B0GZQHMMB3718NR22NNB9M,Willard,Petyanin,wpetyanin4@networksolutions.com,Maroon
01H0B0GZQHPNH81D6VC7CF7VTD,Elissa,Pauwel,epauwel5@usatoday.com,YELLOW
01H0B0GZQJR0AY6AD8VWE64HW3,Staford,Downage,sdownage6@a8.net,Orange
01H0B0GZQJTM4FQJPTP7RCG7V8,Henri,Croxley,hcroxley7@plala.or.jp,Fuscia
01H0B0GZQKWJN77C95XQJFXXT7,Timmy,MacKnight,tmacknight8@cafepress.com,Puce
01H0B0GZQPSFYC9CF5938SP7PV,Brynne,Anan,banan9@dailymotion.com,Aquamarine
01H0B0GZQS7182NA367CYGWDD4,Esmeralda,Iannitti,eiannittia@eventbrite.com,Blue
01H0B0GZQSPVBKKCKJA2SY5JS0,Junina,Fretson,jfretsonb@webs.com,Green
01H0B0GZQT3K0EEWPV2BJNFS66,Linoel,Lillistone,llillistonec@furl.net,Indigo
01H0B0GZQTW0CGPF2FQWWJDY5T,Archaimbaud,Romme,arommed@123-reg.co.uk,Khaki
01H0B0GZQV29M2K5420R6GY5DQ,Kim,Hutley,khutleye@auda.org.au,Pink
01H0B0GZQVFK7YN0T52C6M4B0S,Dallas,Merrison,dmerrisonf@bing.com,Violet
01H0B0GZQW6SFJBHFYNQYA368T,Nerty,De Dantesie,ndedantesieg@blinklist.com,Fuscia
01H0B0GZQXBF633SBDKXB2ZNRW,Calley,Gudgin,cgudginh@google.com,Khaki
01H0B0GZQYYMDRT0M3GY79QSA9,Franny,Sergeant,fsergeanti@arstechnica.com,Green
01H0B0GZQYZM26BQD7QQ8QVKXY,Kimmy,Gerrens,kgerrensj@ed.gov,Green
01H0B0GZQZ812N3MZ6K18E33RV,Dalston,Ellen,dellenk@comcast.net,Purple
01H0B0GZQZR90JQ9B7AZ14SQHK,Lavinie,Ebanks,lebanksl@guardian.co.uk,Pink
01H0B0GZR0YKBT56HM1V4RTEK5,Billie,MacFie,bmacfiem@tamu.edu,Khaki
01H0B0GZR0D33FSC9ZSD3SM85K,Shanda,Guidini,sguidinin@nsw.gov.au,Violet
01H0B0GZR1FRHHVRHYBTMD43ZE,Curtis,Petrolli,cpetrollio@yahoo.co.jp,Turquoise
01H0B0GZR2ZQH9SV70J3B13C1R,Therese,Drains,tdrainsp@yahoo.com,Teal
01H0B0GZR2GDVTAGFH4EST82VT,Nellie,Coulling,ncoullingq@geocities.com,Red
01H0B0GZR3G8RNDDVJ5DV0TDP9,Donnie,Voak,dvoakr@github.com,Violet
01H0B0GZR3MVZNACKBXJKA9Y76,Carolus,Woodford,cwoodfords@utexas.edu,Indigo
01H0B0GZR44YAT6EZZT78FGR7M,Dionne,Castillon,dcastillont@addtoany.com,Green
01H0B0GZR4ST04P0122YQBCK8C,Brandais,Loveday,blovedayu@barnesandnoble.com,Red
01H0B0GZR58GNBZKCRNHBJNY0E,Tabbie,Duddin,tduddinv@cpanel.net,Green
01H0B0GZR64V3N13VBMB5AX8CW,Eleonora,Edelheit,eedelheitw@cnbc.com,Orange
01H0B0GZR63NSR8033HVGC4KW7,Berkly,Stair,bstairx@usda.gov,Red
01H0B0GZR7NJFB8YRM45JWE91D,Karyn,Ruffle,kruffley@tumblr.com,Yellow
01H0B0GZR80BWG4G5P28623WMP,Shay,Pygott,spygottz@slashdot.org,Maroon
01H0B0GZR8QBQ9S6BKS7CFVAY0,Cecilio,Whayman,cwhayman10@hhs.gov,Puce
01H0B0GZR9QDJDYJGB6D72XZ96,Ara,Devas,adevas11@go.com,Mauv
01H0B0GZR93ZM2R4Z2BC6G6H3F,Keefe,McAllester,kmcallester12@fc2.com,Fuscia
01H0B0GZRAR8JXEJV0NJZCBJ2X,Kelly,Mum,kmum13@ovh.net,Blue
01H0B0GZRAFKG833A5K2ASAXG7,Dennie,Morford,dmorford14@webeden.co.uk,Aquamarine
01H0B0GZRBCKEK8MPY0XYFDJTE,Tessi,Duffin,tduffin15@reverbnation.com,Crimson
01H0B0GZRBX0SJRG197XP38QEA,Karena,Catterson,kcatterson16@networksolutions.com,Orange
01H0B0GZRC4EJKY8Z8M97VV02E,Wendi,Welsh,wwelsh17@google.com,Green
01H0B0GZRDRR8Y0EZJTNXCHHC8,Briggs,Macieja,bmacieja18@google.cn,Pink
01H0B0GZRE70MAFBXX9KN8P9P2,Ozzie,Flade,oflade19@networksolutions.com,Goldenrod
01H0B0GZREP6G61TRGA7P0XE70,Vina,Stife,vstife1a@addtoany.com,Mauv
01H0B0GZRFS4STB1QHR4VQYZMJ,Ranna,Hancorn,rhancorn1b@fc2.com,Blue
01H0B0GZRFQ1FXDM6QG0XMX57F,Lilian,Wignall,lwignall1c@instagram.com,Yellow
01H0B0GZRGH1YRRXHPZWTM8XPD,Katharine,Coopland,kcoopland1d@php.net,Aquamarine
01H0B0GZRG8W5T578HGJXSZD0H,Desi,Gomez,dgomez1e@1688.com,Purple
01H0B0GZRHXSXGEZTWKE43BYA9,Lorinda,Giraudou,lgiraudou1f@reference.com,Red
01H0B0GZRJX5TX70H4F2VZ0DSW,Noble,Hamper,nhamper1g@sciencedirect.com,Khaki
01H0B0GZRJ2AA74CB7ASW6HVM2,Angel,Romeo,aromeo1h@nhs.uk,Yellow
01H0B0GZRKKN2KSYHVS4KMAEJ3,Mauricio,Rossant,mrossant1i@msn.com,Blue
01H0B0GZRK26HTEP33E6WZV326,Shaughn,Allabarton,sallabarton1j@liveinternet.ru,Orange
01H0B0GZRMQYJY3R0YGBHNMDHK,Tanny,Gregs,tgregs1k@apple.com,Green
01H0B0GZRMP3G5XM4EVSKD0ZRH,Jorrie,Head,jhead1l@wp.com,Orange
01H0B0GZRNXEMB5ZBHHR1VHM21,Ian,Prujean,iprujean1m@behance.net,Puce
01H0B0GZRPJ2ZE0MPF4JRPT4E7,Arden,Dalligan,adalligan1n@elpais.com,Puce
01H0B0GZRQDEE3J2RD65QHNCA4,Leon,Seilmann,lseilmann1o@ustream.tv,YELLOW
01H0B0GZRRAH8AFQ3EB103XM8C,Mason,Manton,mmanton1p@sourceforge.net,Purple
01H0B0GZRR1GDZAYEBFSP33BAR,Alwin,Surmon,asurmon1q@answers.com,Indigo
01H0B0GZRSATNT7A0KBTA9T2QD,Holden,Mordy,hmordy1r@upenn.edu,Indigo
01H0B0GZRTG6R0MNQYF9M7N475,Ermengarde,Stayte,estayte1s@diigo.com,Aquamarine
01H0B0GZRT6FN4K0X63CTAPG7R,Nesta,Carnier,ncarnier1t@t-online.de,Puce
01H0B0GZRVC5HAPNC1PP8XJ9DG,Elsbeth,Allday,eallday1u@t.co,Crimson
01H0B0GZRVR88TJVPJWK25RMCJ,Perren,Reah,preah1v@bloglovin.com,Violet
01H0B0GZRWZ4NWKGPY9Y0SBBR7,Alf,Kilgallen,akilgallen1w@merriam-webster.com,Mauv
01H0B0GZRWXCK6G9ZSJ6JNNQES,Clemente,Vanni,cvanni1x@dedecms.com,Goldenrod
01H0B0GZRX2K2T57N44AB0080W,Powell,Dumphrey,pdumphrey1y@techcrunch.com,Red
01H0B0GZRYNYH0WYBKYAMK69SB,Opal,Jean,ojean1z@reference.com,Khaki
01H0B0GZRY9RHWDC7D63CW4EYS,Nesta,Issakov,nissakov20@pcworld.com,Aquamarine
01H0B0GZRZTC9TZA87W6A15YS6,Gracie,Tomes,gtomes21@theatlantic.com,Mauv
01H0B0GZRZD5TFPY71D9B3PF29,Aline,Keenleyside,akeenleyside22@nationalgeographic.com,Fuscia
01H0B0GZS0C3PAKYV162CBMSP0,Alfreda,Oxenford,aoxenford23@google.cn,Mauv
01H0B0GZS0V5H33V9EJCDJEQF1,Shirline,Athow,sathow24@marriott.com,Maroon
01H0B0GZS1Q9BQW7QZG2S5FXKT,Drucill,Hodge,dhodge25@creativecommons.org,Pink
01H0B0GZS25CE3HSN3RH6XSWNW,Regan,Vanichev,rvanichev26@github.com,Orange
01H0B0GZS22TFCZP4QSW95ZMDR,Alfreda,Asken,aasken27@nsw.gov.au,Aquamarine
01H0B0GZS36SFFE1AJRPY0EBQB,Edi,Dymick,edymick28@sakura.ne.jp,Pink
01H0B0GZS3T1H578YVZTZQKYE8,Heriberto,Lay,hlay29@sphinn.com,Purple
01H0B0GZS4DWSZD4TSNBS9CE8B,Anne,Lantoph,alantoph2a@reverbnation.com,Green
01H0B0GZS4S427VZS1MX5849GF,Herman,Wipper,hwipper2b@cornell.edu,Purple
01H0B0GZS5V2NMV3ZY0F2ZY5TN,Sondra,Dorling,sdorling2c@com.com,Mauv
01H0B0GZS6KDGHFK9G12GJ8SKG,Blondelle,Gorling,bgorling2d@oakley.com,Violet
01H0B0GZS6XVKF0EN70JH9QNZN,De witt,Oakhill,doakhill2e@imgur.com,Puce
01H0B0GZS7ECSAP5K2M3DY7WJJ,Britteny,MacGarvey,bmacgarvey2f@godaddy.com,Aquamarine
01H0B0GZS7REQAWDTWWSZ92NTS,Enos,Custy,ecusty2g@bizjournals.com,Aquamarine
01H0B0GZS8KEYG92MWKVE78X21,Erminie,Bramich,ebramich2h@hatena.ne.jp,Violet
01H0B0GZS8KVJ94GXFD99SA72G,Randi,Skyppe,rskyppe2i@symantec.com,Red
01H0B0GZS974PFCD0QH87FESY6,Antonie,Laterza,alaterza2j@java.com,Turquoise
01H0B0GZS9KT3P4ENDY7REJ6KK,Jasun,Kopke,jkopke2k@cnn.com,Teal
01H0B0GZSAPH5GVPB2JD6MXHN8,Sonja,Selburn,sselburn2l@gov.uk,Crimson
01H0B0GZSB7AC6Z74KQJHC7KMH,Minta,Martine,mmartine2m@opera.com,Khaki
01H0B0GZSB0FEN25SE7VG7MJB2,Minerva,Buzza,mbuzza2n@scientificamerican.com,Goldenrod
01H0B0GZSC6SATTK6CC15GPMHS,Davide,Mattheeuw,dmattheeuw2o@diigo.com,Blue
01H0B0GZSCZV2T9TZE9XQH8W4X,Gabey,Treweke,gtreweke2p@phoca.cz,Aquamarine
01H0B0GZSDQ3RE5JF9JBMYV5VB,Star,Spata,sspata2q@creativecommons.org,Yellow
01H0B0GZSEF9AG60WG7WD77FCW,Klaus,Clapham,kclapham2r@fema.gov,Goldenrod
01H0B0GZSE1F26D6BMHNHYDK53,Carlita,Flintiff,cflintiff2s@usnews.com,Turquoise
01H0B0GZSFR9WMJ7Q66T85T7D4,George,Galley,ggalley2t@nyu.edu,Fuscia
01H0B0GZSFE4QAY0XJ3NCWKHPE,Ninetta,Eyer,neyer2u@symantec.com,Fuscia
01H0B0GZSG3JDFPSCKKFAK7DT5,Werner,de Clercq,wdeclercq2v@infoseek.co.jp,Turquoise
01H0B0GZSGPK9MFH13M0BWPG12,Raul,Steljes,rsteljes2w@vkontakte.ru,Yellow
01H0B0GZSHN0QVN295S204V7NP,Juana,Baumer,jbaumer2x@businessweek.com,Red
01H0B0GZSH18QCE8JASY3W1348,Evelyn,Tribble,etribble2y@indiegogo.com,Puce
01H0B0GZSJ90EHFTAD2EFJ9ZEF,Lon,Lamy,llamy2z@wiley.com,Khaki
01H0B0GZSJEQMZ8BJ0Z98FAFRA,Lynnet,Northam,lnortham30@jiathis.com,Orange
01H0B0GZSKYDDBX1VC8SCEHHFT,Julia,Kohen,jkohen31@sitemeter.com,Green
01H0B0GZSK9EGNBP9N4FED89DK,Gabriella,Greensted,ggreensted32@eventbrite.com,Mauv
01H0B0GZSMDERNVDMJHW8QT7ZA,Innis,Bunson,ibunson33@networkadvertising.org,Orange
01H0B0GZSM85QKRFPM5ZPX0VSK,Dodie,Macci,dmacci34@loc.gov,Blue
01H0B0GZSNQZG78D30VJYM4PZF,Lauralee,Sterke,lsterke35@businesswire.com,Aquamarine
01H0B0GZSP67JXDGEH0SQKCYJA,Salmon,Robertot,srobertot36@psu.edu,Maroon
01H0B0GZSPWDSB64WATPBN1SRT,Joann,Wishkar,jwishkar37@adobe.com,Goldenrod
01H0B0GZSQJWQJVNH0D2BV5GC3,Farris,Hullock,fhullock38@acquirethisname.com,YELLOW
01H0B0GZSQRRFQW9YBBQQ2PS4N,Beryle,Organer,borganer39@chron.com,Crimson
01H0B0GZSR1ZSXM63J8DW9MPN6,Laurent,Campsall,lcampsall3a@marketwatch.com,Khaki
01H0B0GZSRCS2ZN9PP012KK8SG,Jonathan,Flade,jflade3b@lycos.com,Puce
01H0B0GZSS0XTXHSG0EDHN1YYW,Risa,Eagles,reagles3c@archive.org,Khaki
01H0B0GZSS8S3Y7Z6EWWPG8MWN,Jaine,Coil,jcoil3d@csmonitor.com,Aquamarine
01H0B0GZSTMK09HRXCS9FKX7NZ,Roarke,Pirnie,rpirnie3e@guardian.co.uk,Khaki
01H0B0GZSVH5ZR6AV0JT145FWC,Bill,Alans,balans3f@hp.com,Blue
01H0B0GZSVCDTHZJFG1PGDSH9A,Rubetta,Bolin,rbolin3g@furl.net,Mauv
01H0B0GZSW5C2CKM6YZ11ZQN2F,Paco,Landrick,plandrick3h@taobao.com,Mauv
01H0B0GZSWQMV370FRMHY62S15,Louisa,Rowth,lrowth3i@skyrock.com,Maroon
01H0B0GZSX9XSNVPZ115RV041F,Jamal,Aikenhead,jaikenhead3j@nationalgeographic.com,Green
01H0B0GZSXS7Y6HW7KEC76MJ1X,Marlow,Vowden,mvowden3k@creativecommons.org,Aquamarine
01H0B0GZSYFQAE2DYDVYFDG7VA,Kele,Highway,khighway3l@prnewswire.com,Indigo
01H0B0GZSZ280K4CHTC2SV41YZ,Vassily,Helliwell,vhelliwell3m@umich.edu,Crimson
01H0B0GZSZV2NAEVGNYZ6W1YEW,Annette,Bleue,ableue3n@bigcartel.com,Violet
01H0B0GZT0F2X7GE2XQ7CDDW2S,Brynna,Bennedsen,bbennedsen3o@mapy.cz,Goldenrod
01H0B0GZT0FJEGX88KSAT9TCSG,Alfredo,Berlin,aberlin3p@nps.gov,Orange
01H0B0GZT1NA8ZSASXRAHWAA00,Leola,Clougher,lclougher3q@artisteer.com,Fuscia
01H0B0GZT1VZFV75NP9J25YYPP,Ruben,Whimpenny,rwhimpenny3r@jalbum.net,Green
01H0B0GZT2TDPA36P91GP6Y9BN,Haskel,Bennoe,hbennoe3s@github.io,Goldenrod
01H0B0GZT3SG19BW72HFN2PN6D,Evvie,Dives,edives3t@bloomberg.com,Khaki
01H0B0GZT3B2A7TR49EV1VTQN3,Archibald,Burk,aburk3u@slashdot.org,Aquamarine
01H0B0GZT4ZX1DJWG7762SN76D,Jamie,Rutgers,jrutgers3v@tripod.com,Puce
01H0B0GZT45VA42YQX87CGEQ47,Averell,Wadhams,awadhams3w@un.org,Indigo
01H0B0GZT5QCN3D42DNVPCSN2K,Tedmund,Fraser,tfraser3x@chron.com,Aquamarine
01H0B0GZT53Y2ZW099ZQN0XBK3,Marguerite,Jimeno,mjimeno3y@prnewswire.com,Blue
01H0B0GZT6JRCD957RHQK8N5ZP,Dynah,McKomb,dmckomb3z@amazon.co.uk,Blue
01H0B0GZT647KWGTKYSVSBBJQA,Hallie,O'Flynn,hoflynn40@kickstarter.com,Mauv
01H0B0GZT7MWWK5G6RQE2BX6C7,Helenka,Clogg,hclogg41@slashdot.org,Violet
01H0B0GZT87RZP5DW64KBP5BAS,Willard,Marzella,wmarzella42@ycombinator.com,Crimson
01H0B0GZT8CT53Y46WNJ5TKEXY,Drucie,Tineman,dtineman43@google.co.jp,ReD
01H0B0GZT9T61Z50A3A1JF50AZ,Aland,Neilus,aneilus44@java.com,Violet
01H0B0GZT974HZP2ZHRP4M6117,Lawrence,Leborgne,lleborgne45@trellian.com,Violet
01H0B0GZTAMH0XYNYQ64FFCXZ7,Jonah,Steljes,jsteljes46@printfriendly.com,Indigo
01H0B0GZTA3RZH6JMAZMETSR08,Avril,Roubay,aroubay47@theguardian.com,Green
01H0B0GZTBCSGFJP4SZKDST0SK,Lauree,Ashington,lashington48@google.ru,Violet
01H0B0GZTBFWMCMBRNFQAPD0YK,Shelley,Baff,sbaff49@ucoz.com,Purple
01H0B0GZTCFNJNVWS3WAZ15DA6,Gage,Grent,ggrent4a@histats.com,Red
01H0B0GZTCH3RD18J0WXYS7XDQ,Vaughan,Metzig,vmetzig4b@kickstarter.com,Khaki
01H0B0GZTDYSX81HYJXWWNSE3G,Rosalinde,Shurman,rshurman4c@google.de,Pink
01H0B0GZTD2Y30CHV9G4THZWZR,Max,McConnal,mmcconnal4d@nhs.uk,Goldenrod
01H0B0GZTEBZMBF01D0J4KK044,Cally,Harron,charron4e@zimbio.com,Teal
01H0B0GZTF7K7W60FP4W2YZ7DY,Lura,Moxon,lmoxon4f@gizmodo.com,Violet
01H0B0GZTFE0CY9E6SYYSGXGKZ,Chalmers,Sorbey,csorbey4g@nsw.gov.au,Pink
01H0B0GZTGW6K14D82QEHTAE41,Kincaid,Scripps,kscripps4h@biglobe.ne.jp,Teal
01H0B0GZTGYTWRZYBSZX0WYVGK,Ephrem,Dumingos,edumingos4i@economist.com,Violet
01H0B0GZTH0N0V9CDYECZQHZ81,Othilie,Schinetti,oschinetti4j@biblegateway.com,Indigo
01H0B0GZTHJ3CQZKAHT6J3ZQHY,Armin,Prandin,aprandin4k@webeden.co.uk,Yellow
01H0B0GZTJQEDNP82FTVMH263M,Stacee,Swepstone,sswepstone4l@feedburner.com,Aquamarine
01H0B0GZTJK6ZJANHSWXMXSCZT,Tamarra,Meech,tmeech4m@cnn.com,Violet
01H0B0GZTKWDRTBW5B2Z989TH8,Renado,Brierton,rbrierton4n@columbia.edu,Aquamarine
01H0B0GZTKC1F529SG1GS29S2M,Diego,Parfitt,dparfitt4o@jigsy.com,YELLOW
01H0B0GZTMCG101HZV4P7N5ZSJ,Perkin,Pietron,ppietron4p@about.com,Aquamarine
01H0B0GZTMN4GDCGZGNBA7TTSR,Byram,Richardson,brichardson4q@ucoz.com,Indigo
01H0B0GZTNDA729EQVQJCW84WD,Kimball,Cradick,kcradick4r@flickr.com,Aquamarine
01H0B0GZTND4A00GH99X31XCB1,Brew,McIsaac,bmcisaac4s@webs.com,Orange
01H0B0GZTPER29SQ5A61DNZ5EC,Roddy,Abramovitz,rabramovitz4t@simplemachines.org,Goldenrod
01H0B0GZTPJ1XMCKGBDM5QW1BR,Bail,Dumphries,bdumphries4u@nhs.uk,Green
01H0B0GZTQM9AT9NQT2Z8238Q8,Clarabelle,Boyat,cboyat4v@amazon.co.jp,Green
01H0B0GZTR7ZHVEC25VQNN07DF,Ole,Moore,omoore4w@php.net,Violet
01H0B0GZTRBQ78N35WG56A5XPZ,Nobie,Janeczek,njaneczek4x@ihg.com,Crimson
01H0B0GZTSGWY32BQ8WJ0VV217,Rex,Libbey,rlibbey4y@samsung.com,Maroon
01H0B0GZTS3KZRT018D7DWC7GT,Whit,Harrinson,wharrinson4z@prweb.com,Crimson
01H0B0GZTTV4DZSD0YK7AMGDGB,Bowie,Fearick,bfearick50@ft.com,Maroon
01H0B0GZTTNGDAMN0JF80NE37G,Freddy,Danielovitch,fdanielovitch51@ft.com,Crimson
01H0B0GZTV5W5ZVAH8BZJM2Y2C,Thorstein,Bendley,tbendley52@dropbox.com,Turquoise
01H0B0GZTW8G9D54YA21HXRN87,Bianka,Chumley,bchumley53@usda.gov,Puce
01H0B0GZTWDQ9SNM1DJVGR46R9,Courtney,Copes,ccopes54@cbslocal.com,Puce
01H0B0GZTXR29521QMKW7B1VQE,Beitris,Mewburn,bmewburn55@fotki.com,Pink
01H0B0GZTYHNKKP5DA7SZS75XW,Daryl,Mapstone,dmapstone56@imdb.com,Red
01H0B0GZTYDQE1XMG53H8W4KT4,Stevana,Beavis,sbeavis57@delicious.com,Maroon
01H0B0GZTZNZ5J0FV6291A8JZC,Ilene,Jamieson,ijamieson58@tinyurl.com,Blue
01H0B0GZTZMX34R1Z3BDXHZSXA,Courtney,Ram,cram59@engadget.com,Green
01H0B0GZV0798XDP5S6Z6M11CZ,Mordecai,Kaesmans,mkaesmans5a@webmd.com,Red
01H0B0GZV0F3NMS31HH7GEF3Y2,Olive,Arunowicz,oarunowicz5b@techcrunch.com,Red
01H0B0GZV11X18QRZM8KEKZKPK,Suzette,Cockin,scockin5c@vistaprint.com,Orange
01H0B0GZV1CE9H8V105R2MTSJP,Ediva,Corps,ecorps5d@patch.com,Puce
01H0B0GZV2EKAAYBZZW75XEYTQ,Flss,Olivari,folivari5e@fc2.com,Indigo
01H0B0GZV2MCQV1ZHM24GC3NAJ,Ignatius,Hendonson,ihendonson5f@nhs.uk, RED
01H0B0GZV318CF614VHC0G4E57,Ariel,Huband,ahuband5g@acquirethisname.com,Purple
01H0B0GZV435JWAE1DTMJHPY4Z,Standford,Locks,slocks5h@linkedin.com,Goldenrod
01H0B0GZV4QYGFZKE926EVFBG0,Wittie,Hutcheon,whutcheon5i@chicagotribune.com,Blue
01H0B0GZV5C70SMHV2S20H27ZP,Teddie,Lackmann,tlackmann5j@123-reg.co.uk,Indigo
01H0B0GZV5RXS2BT58C9XR3165,Rusty,Nolleau,rnolleau5k@addtoany.com,Maroon
01H0B0GZV6TA4Y93RCCWE03ADP,Case,Scorah,cscorah5l@homestead.com,Pink
01H0B0GZV7F0RTHD6EPHE593XN,Moreen,Remmers,mremmers5m@prnewswire.com,Indigo
01H0B0GZV9Q1ESJ69ZESY66B4B,Upton,Haensel,uhaensel5n@shutterfly.com,Puce
01H0B0GZVA5V4H5MR7MY9QBVAT,Sashenka,Stronge,sstronge5o@prweb.com,Khaki
01H0B0GZVB8JM613KT767ARPR4,Tammi,Feeham,tfeeham5p@statcounter.com,Aquamarine
01H0B0GZVCQ7YRFCPC4VTN8YAY,Aylmer,Hylands,ahylands5q@com.com,Maroon
01H0B0GZVDMF9K8PT1V229SWJ0,Wendye,Crowley,wcrowley5r@stanford.edu,Red
01H0B0GZVECNG0JT45YZBXJEVN,Jasen,Lineker,jlineker5s@weebly.com,Green
01H0B0GZVERT6HB19Y4P7MPPF9,Marney,Wickendon,mwickendon5t@utexas.edu,Turquoise
01H0B0GZVFHSKXC328CRY0ZB2M,Lynelle,Pinsent,lpinsent5u@domainmarket.com,Indigo
01H0B0GZVFEWWBZE2D7XG9BFJ4,Keefe,McGarahan,kmcgarahan5v@deliciousdays.com,Crimson
01H0B0GZVG4DYMY4TFCKGCXT8X,Marney,Pieterick,mpieterick5w@homestead.com,Purple
01H0B0GZVHA40F0NBWKDT784C5,Willem,Thorowgood,wthorowgood5x@stumbleupon.com,YELLOW
01H0B0GZVJ1HNB48RMWVBV2B0D,Jerald,Crickett,jcrickett5y@zimbio.com,Yellow
01H0B0GZVJM07CCMRQT06EYZZY,Karlyn,Draper,kdraper5z@unesco.org,Blue
01H0B0GZVKHF5F9P5DHA0KTEJX,Sarina,Stubbs,sstubbs60@imgur.com,Puce
01H0B0GZVK59KHDT3KZ63YHMH6,Barret,Josipovitz,bjosipovitz61@soup.io,Khaki
01H0B0GZVMM8JB14GXG8D30XRG,Perice,Gayforth,pgayforth62@bravesites.com,Teal
01H0B0GZVMXBRH2F9ZNYQT65YM,Nil,Hearle,nhearle63@devhub.com,Yellow
01H0B0GZVN8TSGZZGR9W2SSG53,Aigneis,Meadowcroft,ameadowcroft64@wired.com,Mauv
01H0B0GZVP3D31THKDVWZHMC8F,Charmion,Reddick,creddick65@paginegialle.it,Teal
01H0B0GZVPSPZQJ2K7Z3N3NB89,Ricardo,Iannelli,riannelli66@vimeo.com,Violet
01H0B0GZVQXB3TAQ2VJ4FS99VD,Laina,Wintersgill,lwintersgill67@homestead.com,Pink
01H0B0GZVQ6B7SR791M00JS95N,Binni,Adamolli,badamolli68@geocities.com,Violet
01H0B0GZVRCBNAQM135V7PPXA4,Hannie,Lafflina,hlafflina69@unesco.org,Crimson
01H0B0GZVRXZJP9DFPJ1A5AZGA,Elbertina,Gazzard,egazzard6a@example.com,Mauv
01H0B0GZVSZVWMY52BCJR3SKXK,Benita,Sunnucks,bsunnucks6b@timesonline.co.uk,Goldenrod
01H0B0GZVSCMK42JEJFKM9NDX0,Dalia,Yosevitz,dyosevitz6c@dailymail.co.uk,Goldenrod
01H0B0GZVT9XZ6RG0DKZHXJMVA,Tammy,Stembridge,tstembridge6d@ted.com,Pink
01H0B0GZVT788X8KVKAH5ZRFYA,Aguistin,Gratrix,agratrix6e@blogspot.com,Fuscia
01H0B0GZVVKWBAWTNW3JJ4NA5F,Shayne,Rothwell,srothwell6f@ustream.tv,Fuscia
01H0B0GZVW8DYHSJGK6H3VANCA,Adolphe,Treasure,atreasure6g@symantec.com,Yellow
01H0B0GZVXRWVWJ157A3ZACTDQ,Rita,Hitter,rhitter6h@mashable.com,Maroon
01H0B0GZVXP3RJ9ZKR9K68374S,Ginevra,McNamee,gmcnamee6i@vimeo.com,Red
01H0B0GZVYW667VR9RJT65593E,Codi,Radcliffe,cradcliffe6j@behance.net,Aquamarine
01H0B0GZVY8VYZXJ27MAWRTDY5,Ansley,Kubach,akubach6k@baidu.com,Maroon
01H0B0GZVZSMP7SRKYFSEE7JVW,Mattie,Trudgian,mtrudgian6l@amazon.co.uk,Purple
01H0B0GZW0ARWSK8N1YJ9NS300,Maximilien,Biggam,mbiggam6m@newyorker.com,Crimson
01H0B0GZW06S8XE92GCNTYJ71Q,Isador,Bean,ibean6n@woothemes.com,Purple
01H0B0GZW1JG180Q678MTHXW5E,Miguel,Cammish,mcammish6o@toplist.cz,Goldenrod
01H0B0GZW1150RGVGRKNKJEFTB,Dulcine,Fyfield,dfyfield6p@blinklist.com,Violet
01H0B0GZW2TN0GEP82K6AT44RA,Frannie,Eberdt,feberdt6q@ask.com,Crimson
01H0B0GZW2DS3NSW2FJZ6VTBSQ,Whitby,Garthland,wgarthland6r@angelfire.com,Maroon
01H0B0GZW3KBK42YY3E6F11X5Z,Duke,Cadle,dcadle6s@google.co.uk,Purple
01H0B0GZW3YY3YRTZG9STZAC5G,Sholom,Coveny,scoveny6t@altervista.org,Blue
01H0B0GZW4N61VWTYWN56MYEBJ,Blisse,Lowcock,blowcock6u@printfriendly.com,Pink
01H0B0GZW4TRYHF0C017HN7NPR,Loydie,Brosenius,lbrosenius6v@apache.org,Orange
01H0B0GZW5BB9SMFNWTRDTVEG1,Dara,Audus,daudus6w@icq.com,Aquamarine
01H0B0GZW67GNQ07MR33FRYXYF,Alonso,Bruneau,abruneau6x@hhs.gov,Purple
01H0B0GZW6JP6TTD90PBJ0VWFN,Horten,Chinge,hchinge6y@reverbnation.com,Yellow
01H0B0GZW7SE7PF8JAY6H07ZFW,Hugh,Sprulls,hsprulls6z@wired.com,Purple
01H0B0GZW7WATJ8KNHYA5HH3S9,Harman,Stithe,hstithe70@yale.edu,Violet
01H0B0GZW82KQYWH9E9B73QVQJ,Slade,Welchman,swelchman71@deviantart.com,Yellow
01H0B0GZW8SFP0YB2V90VT4QF9,Dalton,Selburn,dselburn72@digg.com,Mauv
01H0B0GZW953CCGDTATP31RNJK,Bentlee,Finder,bfinder73@meetup.com,Orange
01H0B0GZW92JF3K6GXM6YNE8HS,Torrin,Ralestone,tralestone74@wiley.com,Teal
01H0B0GZWAQ8JA07GDHCS76DTN,Caryl,O'Bradane,cobradane75@mail.ru,Yellow
01H0B0GZWA2C1ESDWTYM93QHBH,Thatcher,Folger,tfolger76@wikia.com,Puce
01H0B0GZWBV92DNVE6J99ACAX3,Eimile,Scranny,escranny77@netlog.com,YELLOW
01H0B0GZWB2JTARP4RPC4HK331,Winny,Placidi,wplacidi78@pbs.org,Goldenrod
01H0B0GZWCE62SDYQJDGJH3BFV,Abdel,Abrahmer,aabrahmer79@geocities.com,Turquoise
01H0B0GZWCVNHSBBAFWAF1711B,Tate,Beedle,tbeedle7a@house.gov,Violet
01H0B0GZWDBAR1TWJQHNWTQDNV,Joanne,Cloney,jcloney7b@ovh.net,Pink
01H0B0GZWDWWY4S63N180QJY9W,Bartie,Mateescu,bmateescu7c@qq.com,Yellow
01H0B0GZWEFNZMVABJKA49VVYC,Gilbert,Folds,gfolds7d@nhs.uk,Green
01H0B0GZWFNNETT87QCY6M757P,Kaye,Volkes,kvolkes7e@hibu.com,Khaki
01H0B0GZWFEVKPP5CCAVRW3C5G,Morten,Dunbobin,mdunbobin7f@earthlink.net,Mauv
01H0B0GZWGDHSYMD4FSR3MEKPE,Shirline,Rubica,srubica7g@nsw.gov.au,Aquamarine
01H0B0GZWGB2N150ZHWW31CHNH,Perkin,Ondricek,pondricek7h@jugem.jp,Maroon
01H0B0GZWHW2W47FC1QWAFTY2K,Maribel,Jephson,mjephson7i@facebook.com,Yellow
01H0B0GZWJDE1GXPAEJR9JQTSY,Miguel,Hessenthaler,mhessenthaler7j@acquirethisname.com,Yellow
01H0B0GZWJZQKZE6JQZYXRGBK9,Marleen,Schwandermann,mschwandermann7k@comcast.net,Green
01H0B0GZWK9QND00SS9C6Z5XVF,Berenice,Drinnan,bdrinnan7l@independent.co.uk,Mauv
01H0B0GZWK73HGJEC07590FPHN,Kylie,Sayse,ksayse7m@cornell.edu,Mauv
01H0B0GZWMHBV2V5XB4KEHZTBX,Puff,Rawes,prawes7n@histats.com,Mauv
01H0B0GZWMJWNA40DFX6K84PF3,Marillin,Reece,mreece7o@examiner.com,Blue
01H0B0GZWN8TMGS7Y3GZV68XNF,Sigismond,Dunton,sdunton7p@feedburner.com,Green
01H0B0GZWN4Q4XAX7ZHYA5P90H,Kessiah,McMonnies,kmcmonnies7q@bloomberg.com,Teal
01H0B0GZWPBZMAZEGTC8SBAY2J,Hebert,Stutt,hstutt7r@umich.edu,Khaki
01H0B0GZWQZQZ0DGHJ0HP447H9,Hillyer,Costa,hcosta7s@geocities.jp,Pink
01H0B0GZWQA4E1KQ7NZ8CYTSW5,Jasmin,Ettritch,jettritch7t@sciencedaily.com,Orange
01H0B0GZWR938BRATRGAC246QD,Karyl,MacNeish,kmacneish7u@youku.com,Maroon
01H0B0GZWRC68TKB89C1FHVPH2,Marley,Hallgarth,mhallgarth7v@newyorker.com,Goldenrod
01H0B0GZWSHNEHERY7074VPZN4,Maurine,Scane,mscane7w@godaddy.com,Purple
01H0B0GZWSFQ7ZT4TMCNM8ZH2S,Gardy,Cassius,gcassius7x@bizjournals.com,Fuscia
01H0B0GZWT4DD9JP6WQWYCY3TH,Adelice,Paten,apaten7y@miibeian.gov.cn,Green
01H0B0GZWTGDG3BC7TKWB9KGT0,Maddie,Sugge,msugge7z@senate.gov,Crimson
01H0B0GZWV2B390Q3KTM03TX84,Pietro,Sakins,psakins80@google.pl,Violet
01H0B0GZWVGSV8Y9Q1GGKSH29H,Selie,Bockler,sbockler81@nsw.gov.au,Pink
01H0B0GZWWTGM51WSS48MCC02T,Shea,July,sjuly82@nhs.uk,Red
01H0B0GZWWXAD55NCXZE2N12FT,Gae,Tousey,gtousey83@paginegialle.it,Red
01H0B0GZWXD6P5MAAGP4YV4QAX,Adriaens,Kopacek,akopacek84@wufoo.com,Orange
01H0B0GZWX3KZX0G5WYM4SEBWN,Violetta,Quilter,vquilter85@opera.com,Aquamarine
01H0B0GZWY2Q6VSG25QSF4DJCE,Ian,Regi,iregi86@seattletimes.com,Teal
01H0B0GZWYSAF3MKSMM2K4MYW5,Juan,Valder,jvalder87@ft.com,Fuscia
01H0B0GZWZWDGZ1R7088QPBJ8C,Kial,Newlands,knewlands88@si.edu,Violet
01H0B0GZX0V14WEG8FS22D97T2,Dorey,Emanueli,demanueli89@shutterfly.com,Indigo
01H0B0GZX0WY5CB4SNGJCNG98N,Loreen,Liverock,lliverock8a@webs.com,Khaki
01H0B0GZX0YTHJJSE106X7XBPF,Christan,Songist,csongist8b@state.gov,Violet
01H0B0GZX1VPQRD27B321MG54G,Jaymie,Beagrie,jbeagrie8c@irs.gov,Pink
01H0B0GZX2C5XQ9DFAWYN6RT2A,Elise,Gerraty,egerraty8d@is.gd,Khaki
01H0B0GZX2B0ZTDZP5D133RHDM,Jakie,Nudd,jnudd8e@java.com,Teal
01H0B0GZX35GWF15SQGZ4B7VRE,Katerina,Papierz,kpapierz8f@hud.gov,Yellow
01H0B0GZX49Z2HSECJ5AYVKKFR,Finlay,Tille,ftille8g@nhs.uk,Goldenrod
01H0B0GZX4350GHAFDSXKKQVTK,Tersina,Gladebeck,tgladebeck8h@tamu.edu,Puce
01H0B0GZX50N6EH20X4G81VKR7,Berkeley,Mc Gaughey,bmcgaughey8i@yelp.com,Pink
01H0B0GZX550P0JK92HJ6N03KF,Forster,Sollam,fsollam8j@ehow.com,Green
01H0B0GZX62FB91J0MH3MXZAH0,Michale,Elvidge,melvidge8k@netlog.com,Crimson
01H0B0GZX6YK9AEV7P5GNQK813,Estrellita,Heaps,eheaps8l@spiegel.de,Mauv
01H0B0GZX7K3C2ZJGYB6QARRKG,Noak,Adolthine,nadolthine8m@soup.io,YELLOW
01H0B0GZX738S4W1A51MHMHHYW,Arda,Leaton,aleaton8n@nationalgeographic.com,Fuscia
01H0B0GZX8TRH72WFKQKFB0VX7,Clare,Algeo,calgeo8o@drupal.org,Pink
01H0B0GZX92GRBAH4JBEGDNWN8,Levy,Strippling,lstrippling8p@xinhuanet.com,Green
01H0B0GZXAD613A5B1K54P5540,Norbie,Denacamp,ndenacamp8q@shareasale.com,Aquamarine
01H0B0GZXASE85QVSC8BX1CXRR,Ardeen,McOmish,amcomish8r@nasa.gov,Violet
01H0B0GZXBX8KZJRDDK6SA8P6R,Gibb,Eastbury,geastbury8s@comsenz.com,Puce
01H0B0GZXBGWHTN05DJ7AGTN82,Ninon,Lassell,nlassell8t@desdev.cn,Blue
01H0B0GZXC5409732RYWDFP221,Didi,Spennock,dspennock8u@blogtalkradio.com,Aquamarine
01H0B0GZXC6252H5BZNKYW3PTZ,Smith,McKitterick,smckitterick8v@jiathis.com,Yellow
01H0B0GZXDWPTRJRGCS2P50PMM,Karole,Bilsland,kbilsland8w@netscape.com,Orange
01H0B0GZXDJFP80RDK14JY2T6X,Ringo,Sircomb,rsircomb8x@alexa.com,Pink
01H0B0GZXEPQXABYYHM11GBQ07,Olia,Pardon,opardon8y@liveinternet.ru,Crimson
01H0B0GZXESWAR1EF76P110BYZ,Ulberto,Duddridge,ududdridge8z@soup.io,Green
01H0B0GZXFBN1RW2ET1BRX4AAW,Friederike,Sherrin,fsherrin90@adobe.com,Green
01H0B0GZXF36V9WP1MPZXSKDDP,Hugo,Cansdall,hcansdall91@miibeian.gov.cn,Indigo
01H0B0GZXG2CRRJPWBACP2C8AD,Leda,Matias,lmatias92@com.com,Orange
01H0B0GZXGK9G2PM1TR9PWK2ER,Natala,Yanyushkin,nyanyushkin93@goodreads.com,Fuscia
01H0B0GZXH9NSZJZXX5XH8JYH8,Catlin,Sinisbury,csinisbury94@nature.com,Red
01H0B0GZXJ9X6TNF3WDAGNFBC6,Denny,Lefort,dlefort95@theglobeandmail.com,Puce
01H0B0GZXJMFHA3JMCMH6K03FX,Thorsten,Binns,tbinns96@miitbeian.gov.cn,Puce
01H0B0GZXK2Q6JG5XS882CZR3S,Fidole,Marrian,fmarrian97@cam.ac.uk,Puce
01H0B0GZXK32NVAM5AQ532Z933,Zerk,Sellman,zsellman98@example.com,Crimson
01H0B0GZXMDF64HM5PJW3XD7DT,Rancell,Woollhead,rwoollhead99@guardian.co.uk,Fuscia
01H0B0GZXNKXXGFGDNVA7S1VSK,Artus,Sangwine,asangwine9a@mozilla.org,Orange
01H0B0GZXN48GB37ZMN5HDBK17,Archer,Burton,aburton9b@umich.edu,Indigo
01H0B0GZXP52M5BHZ6H8659CRG,Amandy,Andreopolos,aandreopolos9c@washington.edu,Red
01H0B0GZXPGPSM7CAZJW6KZYPB,Beverlie,Mitchard,bmitchard9d@nba.com,Aquamarine
01H0B0GZXQ6Z878B3BMPNN9H17,Davita,Seabright,dseabright9e@fotki.com,Mauv
01H0B0GZXQ1RFYZG4NM98WNXMP,Clementius,McCutcheon,cmccutcheon9f@etsy.com,Yellow
01H0B0GZXRPF22C0QA5BRH1YQK,Niven,Krolik,nkrolik9g@bigcartel.com,Blue
01H0B0GZXRSBD3SX5870690Z0H,Conni,Roseblade,croseblade9h@bloomberg.com,Red
01H0B0GZXSMR4Q79E725XNPFHW,Jonie,Rawdall,jrawdall9i@last.fm,Violet
01H0B0GZXS0M2E8ESSHKWKT6WZ,Flinn,Elderbrant,felderbrant9j@usa.gov,Aquamarine
01H0B0GZXTB5DBDNCBMHAY02G0,Talbert,Cobby,tcobby9k@canalblog.com,Puce
01H0B0GZXTJQECN7W1QPRRKH1K,Fenelia,Windham,fwindham9l@spiegel.de,Aquamarine
01H0B0GZXVRH6976RQESRV4RBT,Baird,Tole,btole9m@tinyurl.com,Aquamarine
01H0B0GZXV0573W4BYQ1VSNPKS,Gale,Bish,gbish9n@hp.com,Mauv
01H0B0GZXWYTF70PWPK4DYKBD7,Gabbie,Cowthard,gcowthard9o@icq.com,Blue
01H0B0GZXW8SVN4E9Y211WMZ05,Lucien,Rosoni,lrosoni9p@behance.net,Indigo
01H0B0GZXXQ2R27G8P97ZDS7G0,Christin,Lackie,clackie9q@digg.com,Blue
01H0B0GZXYHZTFXP24T4VECDYC,Jules,Flemmich,jflemmich9r@cdbaby.com,Goldenrod
01H0B0GZXYV98788SFBJQAYD79,Brannon,Alennikov,balennikov9s@fema.gov,Orange
01H0B0GZXZRYYMJ94Z18ZX4WVT,Augustus,Lanfare,alanfare9t@ox.ac.uk,Orange
01H0B0GZXZZ7GRPVXEFJJX5N2B,Daveta,Cape,dcape9u@google.it,Green
01H0B0GZY0G458VC85HPAETNZ8,Con,Treweela,ctreweela9v@weebly.com,Crimson
01H0B0GZY0AP44H7N5XQNZT56W,Archie,Benez,abenez9w@soup.io,Turquoise
01H0B0GZY1D8B8X7A552Z73AKM,Gannie,Sonley,gsonley9x@furl.net,Green
01H0B0GZY1WBKFPEM4T1W2J51Z,Phaidra,Stit,pstit9y@oakley.com,Teal
01H0B0GZY2C64SDJG8B42YK9XN,Delora,Spurway,dspurway9z@amazon.de,Goldenrod
01H0B0GZY2EQXEBFZPF2MK077T,Farly,Block,fblocka0@hibu.com,Green
01H0B0GZY35J3D2WMZM7R6Q2HR,Johann,Jura,jjuraa1@infoseek.co.jp,YELLOW
01H0B0GZY3DGRD6BH21GYWFGCF,Terrill,Compton,tcomptona2@msn.com,Puce
01H0B0GZY431F8A5K5MKHC85KM,Quincy,Anthoine,qanthoinea3@pbs.org,Turquoise
01H0B0GZY4NHZPJA3RWW1FGSXQ,Ignacio,Dinsdale,idinsdalea4@taobao.com,Violet
01H0B0GZY5SKFCXB2647557XBP,Jasmina,Ecob,jecoba5@wordpress.org,Crimson
01H0B0GZY59M99629DGJMQQNTX,Brigida,Antuoni,bantuonia6@mtv.com,Pink
01H0B0GZY6VTTGHZXGZMBM7X2R,Jacinta,Pendlington,jpendlingtona7@jiathis.com,Green
01H0B0GZY6SKD59JW8KANNDB04,Dorri,Murtagh,dmurtagha8@yelp.com,Goldenrod
01H0B0GZY7K8C5400Q63GVQCAV,Ami,Kornyakov,akornyakova9@goo.ne.jp,Aquamarine
01H0B0GZY7N5BXV4XKY01RC2B8,Hallsy,Jore,hjoreaa@prnewswire.com,Indigo
01H0B0GZY8K67F6E8AY5Y37MEC,Claudius,Tuxwell,ctuxwellab@businessinsider.com,Puce
01H0B0GZY8WKHZK44NG7PW5WS5,Haley,Willoughby,hwilloughbyac@photobucket.com,Mauv
01H0B0GZY9CP8MGPJWWYWM7KX9,Bari,Lanston,blanstonad@parallels.com,Blue
01H0B0GZY9A1ZQ3JCJZY8R5B06,Iorgo,Soldan,isoldanae@jimdo.com,Puce
01H0B0GZYACBH6ACE0KVH9K4J6,Chariot,Curreen,ccurreenaf@ocn.ne.jp,Orange
01H0B0GZYAFHWA6NDH5ZD2DB74,Carroll,Jewers,cjewersag@studiopress.com,Khaki
01H0B0GZYB5BSD9EWV71G0BXB5,Antin,Sneezum,asneezumah@blogspot.com,Puce
01H0B0GZYB6YEZWX1EDAVHJZZW,Mattias,Cotgrove,mcotgroveai@amazon.de,Maroon
01H0B0GZYCXE1W9G2X4FDV38GV,Eustacia,Soal,esoalaj@bloglovin.com,Orange
01H0B0GZYDT76YHBBET4JCDD83,Timmie,Bottle,tbottleak@wikispaces.com,Fuscia
01H0B0GZYDB8F20QC00ANK27DR,Corny,McGeown,cmcgeownal@phoca.cz,Puce
01H0B0GZYE0RZBV54GVRXTYYZ0,Lorrie,McLeman,lmclemanam@reddit.com,Orange
01H0B0GZYF25X6X0QBA4RSE5TY,Trisha,Arter,tarteran@flavors.me,Yellow
01H0B0GZYF35QPTPTG3FT3415Q,Dorelle,Fordyce,dfordyceao@biblegateway.com,Maroon
01H0B0GZYGFR957Y2YTKJ8MFAR,Edita,Rennicks,erennicksap@wix.com,Green
01H0B0GZYG7M52XD1ZAFKAXJFB,Hartley,Skully,hskullyaq@guardian.co.uk,Blue
01H0B0GZYHDHTP91P77X3BP8GQ,Dodie,Dimberline,ddimberlinear@drupal.org,Blue
01H0B0GZYHK3XHGJMJ9MH3QFPY,Issiah,Norcutt,inorcuttas@unicef.org,Puce
01H0B0GZYJ44AMQ78DK72Z1B5S,Dotti,Feild,dfeildat@slideshare.net,Crimson
01H0B0GZYJH3Z0A9HWHH3MC4SQ,Elsie,Daubeny,edaubenyau@java.com,Khaki
01H0B0GZYKBVWGB046808VQKA1,Saree,Cluckie,scluckieav@wikimedia.org,Aquamarine
01H0B0GZYM5KXXENCED0MMNTHT,Manda,Norsister,mnorsisteraw@redcross.org,Aquamarine
01H0B0GZYNZ1CHFC0VX4N27Z6A,Bailie,Damrel,bdamrelax@qq.com,Green
01H0B0GZYQRP57FY0MZJVQ5XHN,Merle,Sheriff,msheriffay@deviantart.com,Blue
01H0B0GZYRT2N7HX2NYWATM0FT,Tucker,Nussey,tnusseyaz@nasa.gov,Teal
01H0B0GZYS1644W00G5DMB9T65,Jill,Walters,jwaltersb0@blog.com,Crimson
01H0B0GZYS8MZ8DBWB24YWBRSX,Nikaniki,Loadsman,nloadsmanb1@i2i.jp,Fuscia
01H0B0GZYT3BWSCJJ3QV3XNH8V,Nathan,Cunniffe,ncunniffeb2@state.gov,Red
01H0B0GZYTEYGB1NP3C3M04TQ6,Lezley,Aldwinckle,laldwinckleb3@hao123.com,Violet
01H0B0GZYVG201PZBM88NPBJZS,Odele,Wheal,owhealb4@printfriendly.com,Pink
01H0B0GZYVSPMCEK583HT6RX4N,Livia,Voelker,lvoelkerb5@chronoengine.com,Turquoise
01H0B0GZYW401WPDG1CBZJSN7B,Berti,Burnard,bburnardb6@alexa.com,Yellow
01H0B0GZYWE6H30HCEBQ2SW0BA,Riordan,Popov,rpopovb7@wsj.com,Goldenrod
01H0B0GZYXQA0F297Y2YM3BRTM,Freeland,Patshull,fpatshullb8@quantcast.com,Aquamarine
01H0B0GZYXZSSW0H4CFBQ6BGKJ,Augustina,Brando,abrandob9@shop-pro.jp,Puce
01H0B0GZYY6WTQ13EZ04K1MAWR,Genny,Grantham,ggranthamba@netlog.com,Mauv
01H0B0GZYYQ2RZ0G3K2DGXM6EN,Odilia,Butterly,obutterlybb@mediafire.com,Puce
01H0B0GZYZS557E7NEKNWEX4GZ,Kathlin,Baulcombe,kbaulcombebc@shop-pro.jp,Maroon
01H0B0GZYZW6A8H6TWT78BH6RP,Willard,Brogioni,wbrogionibd@opera.com,YELLOW
01H0B0GZZ0695X3C4JGYT674S0,Melva,Babin,mbabinbe@diigo.com,Goldenrod
01H0B0GZZ0RW3TW84Y67PBEKB2,Sunny,Hatcher,shatcherbf@hc360.com,Mauv
01H0B0GZZ1PV4X7834Y9H8KMK4,Jehanna,Woolcocks,jwoolcocksbg@ezinearticles.com,Pink
01H0B0GZZ1TRKS7XMN7JTT41NP,Pattie,Landsbury,plandsburybh@oakley.com,Goldenrod
01H0B0GZZ10AWYEAHQRG5RG4XY,Eugenie,Dragon,edragonbi@digg.com,Red
01H0B0GZZ2KFF07EGK97AW8VPM,Bordy,Van Hesteren,bvanhesterenbj@webs.com,Yellow
01H0B0GZZ2STRMQMTK2G0CPG7W,Howard,Lathleiffure,hlathleiffurebk@flickr.com,Purple
01H0B0GZZ35171EMV9X1CD26T1,Bevan,Markus,bmarkusbl@wikimedia.org,Violet
01H0B0GZZ3NCY3KTWDG4ERK3E9,Anatole,Pleager,apleagerbm@netvibes.com,Indigo
01H0B0GZZ4KNF5Y7E085XJ27MQ,Quinton,Dormon,qdormonbn@amazon.co.jp,Crimson
01H0B0GZZ43CDX08QPKS6NHXR4,George,Wiffill,gwiffillbo@mysql.com,Orange
01H0B0GZZ5R7GDVRTTZ5GX0KDX,Peadar,Vickors,pvickorsbp@ftc.gov,Teal
01H0B0GZZ5WBAP9SRT6AKVBX6S,Aime,Dewdeny,adewdenybq@hibu.com,Fuscia
01H0B0GZZ6PTQH8EG32VFMT3V5,Gnni,Rolfi,grolfibr@blog.com,Khaki
01H0B0GZZ66SJCMCP16H6KAQJC,Eddi,Vanini,evaninibs@flickr.com,Indigo
01H0B0GZZ72CD6VJZQBNA5CKE0,Vick,Torbett,vtorbettbt@ebay.co.uk,Blue
01H0B0GZZ77WS7XFA10JTEA08J,Lorilee,Irons,lironsbu@linkedin.com,Violet
01H0B0GZZ8JE3D75QRMCVRYAAX,Olivia,Sams,osamsbv@facebook.com,Red
01H0B0GZZ82TQCJGKJTDGWA1GP,Leland,Yegorkov,lyegorkovbw@networksolutions.com,Indigo
01H0B0GZZ9PCPT8XD0G824V4HQ,Roscoe,Britian,rbritianbx@census.gov,Khaki
01H0B0GZZ91R2PFDMRFEJYH8B8,Lind,Wordesworth,lwordesworthby@cdbaby.com,Green
01H0B0GZZAB424JZ1422B1HCXR,Royall,Bonafacino,rbonafacinobz@ezinearticles.com,Crimson
01H0B0GZZAFGBSHP5JTSSYWF9G,Portie,Cronk,pcronkc0@ustream.tv,Purple
01H0B0GZZABBGTA3GS8EBCSYGN,Gertie,Thornhill,gthornhillc1@addthis.com,Goldenrod
01H0B0GZZBVRTT9HGE4TW30WB6,Rosene,Heffy,rheffyc2@ning.com,Teal
01H0B0GZZB64K2X2THB62BYY7D,Joell,Thorndale,jthorndalec3@rediff.com,Pink
01H0B0GZZC8NAVZ1ARMCHFXH2J,Jerome,Grieg,jgriegc4@gravatar.com,Green
01H0B0GZZCSY3E42CFNTXT9QVA,Maurita,Hannis,mhannisc5@dmoz.org,Goldenrod
01H0B0GZZDQKST69Y6RYWAV7X6,Jeanette,Ambrois,jambroisc6@soundcloud.com,Puce
01H0B0GZZDQ8FY1BE3CC6YJXB5,Brigitte,Cosgreave,bcosgreavec7@squarespace.com,Khaki
01H0B0GZZEDNHD94T6KKYFTS80,Flor,Vedyashkin,fvedyashkinc8@furl.net,Purple
01H0B0GZZEQKJVE93GM2HWCV2Z,Dionysus,Clark,dclarkc9@dell.com,Violet
01H0B0GZZFDV2J6PNMPD22NZH0,Angie,MacCrann,amaccrannca@t.co,Khaki
01H0B0GZZF0PWG28ZCQKBJ3V1C,Danya,Mead,dmeadcb@comcast.net,Teal
01H0B0GZZG6W02ZENQ9V5JE7JD,Marielle,Ticehurst,mticehurstcc@com.com,Crimson
01H0B0GZZGBN4M81N6Q75Y08WB,Jess,Clipson,jclipsoncd@skyrock.com,Aquamarine
01H0B0GZZH1KDBQG565V67ZXK7,Corey,Bubb,cbubbce@nationalgeographic.com,Blue
01H0B0GZZHKVA4Y0EDYQNVC777,Horatius,Titterton,htittertoncf@harvard.edu,Red
01H0B0GZZJR7FZSPB0C4MPD5AS,Rhoda,Plaister,rplaistercg@arizona.edu,Purple
01H0B0GZZJV3B0V4G8BTS1XN3S,Mariejeanne,Ginnell,mginnellch@cocolog-nifty.com,Indigo
01H0B0GZZK95FVMKZWFB48YXKH,Kelsey,Jobling,kjoblingci@mac.com,Red
01H0B0GZZKBH9YEM3HXS9G9ZYE,Shayla,Vasilchikov,svasilchikovcj@usda.gov,Puce
01H0B0GZZM5TZ85BXA3FV4G53D,Lottie,Slogrove,lslogroveck@sciencedirect.com,Puce
01H0B0GZZMR5JNS1GV5HDTX7NQ,Angil,Krysztofowicz,akrysztofowiczcl@fda.gov,Yellow
01H0B0GZZN2PS3HF2NEWZ58Y6T,Nissy,Bugby,nbugbycm@indiatimes.com,Mauv
01H0B0GZZNNVX4ZFSZSQDGBPKT,Felipe,Gavrieli,fgavrielicn@aboutads.info,Blue
01H0B0GZZPCXBQ2H6WR2FKAK3S,Hallsy,Pinel,hpinelco@usda.gov,Indigo
01H0B0GZZPQ8MC2GRK8XZWZHNF,Drud,Couling,dcoulingcp@discuz.net,Teal
01H0B0GZZQZXC8CC09KSAND1TN,Gigi,Karp,gkarpcq@mlb.com,Blue
01H0B0GZZQH0NBCHBC78W9BV6G,Celinka,Warnock,cwarnockcr@discovery.com,Crimson
01H0B0GZZQK35PHT6FKXVS73VD,Karie,Cumo,kcumocs@nature.com,YELLOW
01H0B0GZZRTE19K479ZSHTKP7A,Barthel,Bruntje,bbruntject@tinypic.com,Goldenrod
01H0B0GZZR8GRPAVMYKP80NKYJ,Courtney,Merman,cmermancu@unblog.fr,Indigo
01H0B0GZZS4175EAWE430BCQ4H,Vanna,Benedtti,vbenedtticv@hibu.com,Crimson
01H0B0GZZSZ7XFM9BM5507Q9RH,Nicky,Mudge,nmudgecw@dropbox.com,Violet
01H0B0GZZTJEBTPYHTY2J4Z197,Abelard,Keays,akeayscx@arstechnica.com,Crimson
01H0B0GZZTN32HPHZA78GAEPQS,Sascha,McKeighen,smckeighency@meetup.com,Puce
01H0B0GZZVADPKBKY7PTMA0X35,Kearney,O'Lenane,kolenanecz@answers.com,Turquoise
01H0B0GZZVAQ0K31HQR74Z07JJ,Merilee,Kinsett,mkinsettd0@time.com,Turquoise
01H0B0GZZW97QNTPS00HSXA485,Sutton,Menure,smenured1@weather.com,Turquoise
01H0B0GZZWEJKMXM32H16QA9AZ,Ringo,Heselwood,rheselwoodd2@toplist.cz,Violet
01H0B0GZZXMDSM9B7AR3RB7BGN,Sasha,De Carolis,sdecarolisd3@uiuc.edu,Crimson
01H0B0GZZXR63PABQWW3NKC0JK,Kerstin,Babinski,kbabinskid4@hao123.com,Turquoise
01H0B0GZZYK1F0HRFR25062A8F,Mara,Braunfeld,mbraunfeldd5@unicef.org,Turquoise
01H0B0GZZY4ARD1BJ2C9CXKZAC,Abbie,Beal,abeald6@altervista.org,Pink
01H0B0GZZYK029W4DZ6EZFQBFM,Athene,Gieraths,agierathsd7@yandex.ru,Crimson
01H0B0GZZZ9NWDAA0TSHJBC929,Orren,Ballintyne,oballintyned8@prweb.com,Maroon
01H0B0GZZZAXJZGDKW0KZZ536R,Yancy,Mollett,ymollettd9@bloglines.com,Fuscia
01H0B0H000ZFM0K73SHAR5RV2C,Jordain,Levay,jlevayda@mashable.com,Blue
01H0B0H0008157XW6EGDG1GFHC,Rudy,Bartlett,rbartlettdb@theatlantic.com,Blue
01H0B0H001VAJXMR20MJG9V9G8,Kata,Hedges,khedgesdc@homestead.com,Khaki
01H0B0H001VB0W8DPMAZ7J3WRK,Mill,Grimley,mgrimleydd@wordpress.org,Khaki
01H0B0H002EW2FZTKZ2VAKR59G,Winfield,Hasselby,whasselbyde@photobucket.com,Violet
01H0B0H002FR0JJ7W2EBR46ZE0,Yehudi,Lawlie,ylawliedf@omniture.com,Teal
01H0B0H0030HDF4T0JCC8Y9V8W,Tremain,Brinsden,tbrinsdendg@discuz.net,Crimson
01H0B0H003CCGQ27SVQA503BRB,Alanna,Cawthery,acawtherydh@bing.com,Teal
01H0B0H004GABM0E0J7BGR95V2,Trevor,Urwen,turwendi@woothemes.com,Crimson
01H0B0H0044YJR3VFF8KSFA0JP,Ferd,Sabattier,fsabattierdj@rambler.ru,Crimson
01H0B0H00526BSCT9P1CAWFWJ7,Tonya,Turpey,tturpeydk@addtoany.com,Aquamarine
01H0B0H005GCNY1VZA1220WH5B,Katy,Renshell,krenshelldl@arstechnica.com,Pink
01H0B0H006H3KW9YN9R0HAK7VG,Tania,Gresser,tgresserdm@fema.gov,Mauv
01H0B0H006Q96YTG1ZMKZVJE37,Curt,Grisbrook,cgrisbrookdn@woothemes.com,Aquamarine
01H0B0H007C33N96ZMKF2YPWG0,Rania,De la Perrelle,rdelaperrelledo@google.com.hk,Purple
01H0B0H007CSJ7KK3PQ97G1S9F,Stepha,Rishworth,srishworthdp@friendfeed.com,Red
01H0B0H008M9RXDGAAJR8V78DF,Emelen,Conrad,econraddq@yellowpages.com,Orange
01H0B0H008AFRN4JT7D219N5X9,Stacy,Teague,steaguedr@nydailynews.com,Maroon
01H0B0H009SBJN8DRPHX0MTX15,Forrester,Denys,fdenysds@creativecommons.org,Khaki
01H0B0H009TYVJ0SSXVDKTEBVH,Rey,McLanaghan,rmclanaghandt@icio.us,Maroon
01H0B0H00A3ZK6SX97Z8T5ABTA,Adena,Dobeson,adobesondu@engadget.com,Aquamarine
01H0B0H00AFSQX96F9Q4B9CEFF,Lilia,Ledgister,lledgisterdv@bloomberg.com,Fuscia
01H0B0H00BE61VMCYDFAD48988,Franklin,Gherardini,fgherardinidw@comsenz.com,Khaki
01H0B0H00BH7PEHFQ4M15ER18X,Ethelin,Betham,ebethamdx@163.com,Mauv
01H0B0H00CC2RD9RT425MEBFKJ,Arlan,Wloch,awlochdy@bigcartel.com,Crimson
01H0B0H00CZ1THGRKX4NFY3B3B,Yehudi,Simpkiss,ysimpkissdz@cisco.com,Yellow
01H0B0H00CFHK2JE6941TXA7DP,Tadeo,Willas,twillase0@booking.com,Crimson
01H0B0H00DH432KJFR06DS6C7Z,Rochelle,Coate,rcoatee1@slate.com,Turquoise
01H0B0H00DP3Y18SJM36SHWPNE,Shaughn,Peskin,speskine2@plala.or.jp,Fuscia
01H0B0H00E0R0R4Y4NA5AMQV3K,Fania,Cowe,fcowee3@merriam-webster.com,Teal
01H0B0H00E3SKWV41D6TE7A0W4,Hammad,Wightman,hwightmane4@angelfire.com,Teal
01H0B0H00FYZVCGP6FYAV1RY5J,Klaus,Sketch,ksketche5@soup.io,Crimson
01H0B0H00F1ZNQFA047ECNBYZX,Vittorio,Shurrocks,vshurrockse6@dmoz.org,Purple
01H0B0H00GHETC76VJCQRSZYNY,Olenolin,Chillistone,ochillistonee7@deliciousdays.com,YELLOW
01H0B0H00G6B8FJA6PJE4YJSVE,Arv,Fellows,afellowse8@google.nl,Teal
01H0B0H00HZJ0C8RRN9MZS02DW,Abigale,Aymerich,aaymeriche9@livejournal.com,Pink
01H0B0H00HF039H4NG1EF5GV4G,Rock,Wykey,rwykeyea@usgs.gov,Indigo
01H0B0H00JVDZ9SF2PH8QRNF0E,Tabor,Lighten,tlighteneb@etsy.com,Teal
01H0B0H00JHHHE20BEXQQ4KRYJ,Pammy,Gent,pgentec@dailymotion.com,Goldenrod
01H0B0H00KCAZRDVJF9MQGRJCT,Noellyn,Nosworthy,nnosworthyed@who.int,Maroon
01H0B0H00KEV9WBB2AZ18PKTTY,Adaline,Relton,areltonee@vkontakte.ru,Turquoise
01H0B0H00MWSSXJGT64JSYK45E,Connie,Miranda,cmirandaef@ehow.com,Yellow
01H0B0H00MTWEEZ4ME1FPZ77VN,Roch,Aberkirdo,raberkirdoeg@craigslist.org,Pink
01H0B0H00NA3NVHBX5JKTE9A3T,Alayne,Jarrard,ajarrardeh@ehow.com,Purple
01H0B0H00N03FHZCSJHM46Z8XK,Sibby,Uman,sumanei@weibo.com,Fuscia
01H0B0H00PWPJYKB78ZAGXZHPV,Valina,Messham,vmesshamej@creativecommons.org,Green
01H0B0H00PM1B836THB1NTTY7V,Tasha,Prine,tprineek@paypal.com,Orange
01H0B0H00QCJZ6XW9D0KWPX63M,Robinetta,Padell,rpadellel@nih.gov,Goldenrod
01H0B0H00QZ5TKMK6HQQA6AAVR,Elita,Whyborn,ewhybornem@instagram.com,Pink
01H0B0H00R2ZZFSXCJ54QREAH4,Wylie,Vass,wvassen@sakura.ne.jp,Goldenrod
01H0B0H00RYNS4Q098ZTPHANFW,Laurie,Gouth,lgoutheo@dot.gov,Aquamarine
01H0B0H00S44C3VK2XXJ3SJSE6,Brianne,Lohden,blohdenep@123-reg.co.uk,Pink
01H0B0H00S9QT86XEY87AB7XK5,Nicolle,Kille,nkilleeq@techcrunch.com,Red
01H0B0H00T4MK8K60H7JDNZNYA,Winslow,Minichillo,wminichilloer@parallels.com,Teal
01H0B0H00TY7ZX952J9E7DCK6B,Gabie,Linacre,glinacrees@delicious.com,Fuscia
01H0B0H00TFDZH831KYDJWMTSX,Krissie,Walkley,kwalkleyet@vimeo.com,Green
01H0B0H00V11GP58B1MMP5WV2S,Car,Durrans,cdurranseu@printfriendly.com,Crimson
01H0B0H00V47W66QSFS48JZAVX,Pepe,De Zuani,pdezuaniev@newsvine.com,Mauv
01H0B0H00W5R3AWY0E2V7N50BV,Tressa,Murrigan,tmurriganew@prnewswire.com,Red
01H0B0H00W22FTHR3QBEGD3222,Graehme,Marcu,gmarcuex@nbcnews.com,Blue
01H0B0H00X3MN83KXKTFPZWR5H,Olivia,Elderkin,oelderkiney@flickr.com,Crimson
01H0B0H00XNT18KGAVZVY07FNA,Johannes,Hughland,jhughlandez@github.com,Khaki
01H0B0H00Y0X0X4MT879V049DB,Modesta,Ettery,metteryf0@github.com,Pink
01H0B0H00YMFP57KXDP3W6VWTQ,Brian,Trillo,btrillof1@psu.edu,Green
01H0B0H00ZABAJ0GASS8D4AGVR,Davidson,Karadzas,dkaradzasf2@amazon.co.uk,Orange
01H0B0H00ZAZS0DWH6WP5WKF6K,Cedric,Brookesbie,cbrookesbief3@webmd.com,Mauv
01H0B0H010363P72M8FX3ZGXZZ,Didi,Branston,dbranstonf4@phpbb.com,Goldenrod
01H0B0H010R04Y3710KHMRKFGC,Christopher,Geeves,cgeevesf5@vimeo.com,Red
01H0B0H011EV3NZCDYS304JERE,Stafani,Balentyne,sbalentynef6@ow.ly,Teal
01H0B0H0111AT651WQM61HQH47,Florie,Vanyashin,fvanyashinf7@apache.org,Teal
01H0B0H0117GZ1GEPWNS93VWRG,Evelyn,Waggatt,ewaggattf8@microsoft.com,Violet
01H0B0H012YBVR37JBAGT9KEZS,Lefty,Burstow,lburstowf9@cargocollective.com,Crimson
01H0B0H013ZE2TRBHJPXDKR6XE,Mike,Biasioni,mbiasionifa@unc.edu,Aquamarine
01H0B0H013TY6H3W92T0E0S2T5,Sibeal,Neighbour,sneighbourfb@ihg.com,Yellow
01H0B0H014MVRT163GHSA187C6,Obed,Rotte,orottefc@bloomberg.com,Purple
,,,,
01H0B0H014ZK32T7T8KHWVZ279,Harmony,Renne,hrennefd@twitter.com,Yellow
01H0B0H0142X9WT22YQ4CQFHDK,Jerald,Ricciardello,jricciardellofe@miibeian.gov.cn,Khaki
01H0B0H015CCE1301EZ7RZ90B2,Gipsy,Bottell,gbottellff@simplemachines.org,Maroon
01H0B0H015CAZ15F4NZQV63672,Zarah,Brussels,zbrusselsfg@who.int,Mauv
01H0B0H016G3KYPX06DJJY4M8K,Pebrook,Crane,pcranefh@google.cn,Violet
01H0B0H016XXB77XC8HQB286QK,Queenie,Runnacles,qrunnaclesfi@wordpress.org,Aquamarine
01H0B0H0177TBXEE4ZEA57J1ZD,Costa,Saltman,csaltmanfj@dagondesign.com,Yellow
01H0B0H017EY1MR4AZ315F0RST,Hubert,Grinishin,hgrinishinfk@bloglines.com,Pink
01H0B0H018TYT80ER69DKKKZTE,Daniel,Bastock,dbastockfl@dmoz.org,Yellow
01H0B0H0188PTD0022HWHF2W6K,Vitoria,Licari,vlicarifm@dailymotion.com,YELLOW
01H0B0H019VWJF5SDAZN3QAFM4,Dione,Bernardoni,dbernardonifn@etsy.com,Aquamarine
01H0B0H019NQ261P22J81B39DE,Rosalia,Fannin,rfanninfo@quantcast.com,Khaki
01H0B0H01AK4WCNFWN61FYX0NK,Bone,Kliement,bkliementfp@wikispaces.com,Indigo
01H0B0H01ACFEXVCN087V06DX3,Miran,Soane,msoanefq@tripadvisor.com,Indigo
01H0B0H01BKXB1N1CP9WFFPPRR,Latrina,Keedwell,lkeedwellfr@chronoengine.com,Indigo
01H0B0H01BG11GNF72FKNY6ZZW,Huey,Kildea,hkildeafs@shop-pro.jp,Maroon
01H0B0H01CAYGRQVGZSQP79HT8,Farrand,Stannering,fstanneringft@wunderground.com,Mauv
01H0B0H01CR24ZAF7Z6CGZCBTP,Sofia,Mooreed,smooreedfu@acquirethisname.com,Maroon
01H0B0H01DHHK8G0XXEXGAEJJ3,Leoline,McQuilty,lmcquiltyfv@time.com,Goldenrod
01H0B0H01DV7SVQP3YFRCWAZZC,Louie,Eassom,leassomfw@360.cn,Puce
01H0B0H01EYYDKBG6TEKCNFD05,Gerianne,Bransby,gbransbyfx@theguardian.com,Pink
01H0B0H01ERCZ0ECPQ9W5R0Q6X,Brent,Watsham,bwatshamfy@yandex.ru,Indigo
01H0B0H01FDABA1WS7KC9GX0C8,Arri,Ewers,aewersfz@intel.com,Purple
01H0B0H01FZF334CHHYDNMJXS1,Dido,Gitsham,dgitshamg0@alexa.com,Aquamarine
01H0B0H01GME757S6DFDED8VB1,Des,Chessell,dchessellg1@fda.gov,Yellow
01H0B0H01G8W8BV8FGYC6SB83G,Tobit,Eliyahu,teliyahug2@craigslist.org,Yellow
01H0B0H01H7YRM7P5NHY9ZABGF,Myrilla,Aizikov,maizikovg3@yellowbook.com,Mauv
01H0B0H01H7YNWPF15X8EFNR4A,Brier,Rabbitt,brabbittg4@so-net.ne.jp,Pink
01H0B0H01JXK6Q8X170A65TV6K,Mickey,Cristofolini,mcristofolinig5@flickr.com,Green
01H0B0H01J6BGN29WV4DGZZKRR,Barbabra,Wyles,bwylesg6@guardian.co.uk,Fuscia
01H0B0H01JWKFTNZ4EM7GTWW1V,Audie,Braunds,abraundsg7@newsvine.com,Fuscia
01H0B0H01KDKGMD6K3M50C8MC3,Alejoa,Bagworth,abagworthg8@ihg.com,Turquoise
01H0B0H01K07FADYEBCCV6ZYBW,Darlleen,Bonnette,dbonnetteg9@alibaba.com,Fuscia
01H0B0H01MSHF5ZVEPJAAPETC1,Isac,Rickeard,irickeardga@reddit.com,Crimson
01H0B0H01MYB6N2C0QC3Z4EAY4,Gare,Paddefield,gpaddefieldgb@163.com,Puce
01H0B0H01NT0EPEWF2YDE80676,Shannah,Rozec,srozecgc@macromedia.com,Green
01H0B0H01N1K2H3HPMQDRPFSFP,Netti,Skillen,nskillengd@furl.net,Goldenrod
01H0B0H01PZS6H8NH0HHN4DRP5,Malinda,Twomey,mtwomeyge@upenn.edu,Teal
01H0B0H01PBHAYYJKM653SM8NY,Dominique,Breitler,dbreitlergf@sogou.com,Green
01H0B0H01QYHDNK2R08MH2XP5A,Blakelee,Birckmann,bbirckmanngg@ftc.gov,Violet
01H0B0H01QN0FVZWFFHD4Q7PZZ,Barnett,Tebbs,btebbsgh@phoca.cz,Aquamarine
01H0B0H01RQW1XMDTZA2PGGTM3,Kennett,Dearle-Palser,kdearlepalsergi@ihg.com,Purple
01H0B0H01RXRZYP9STNKVCPY0Y,Charlton,Flippini,cflippinigj@soup.io,Teal
01H0B0H01R2391B81MV66W4988,Herb,Gambles,hgamblesgk@tamu.edu,Indigo
01H0B0H01SRZ4XPDQ5E9HC8MM6,Rosita,Kermitt,rkermittgl@plala.or.jp,Orange
01H0B0H01SRN3AWPJXZZNSAGX2,Nissie,Jirick,njirickgm@w3.org,Puce
01H0B0H01TACPY0KK0NVG1P842,Carilyn,Bradman,cbradmangn@cbc.ca,Crimson
01H0B0H01T51KVVEAS0JY8VRHP,Ros,Raft,rraftgo@salon.com,Crimson
01H0B0H01V090QA6HWHBKG14C0,Eyde,Calderhead,ecalderheadgp@gmpg.org,Turquoise
01H0B0H01VNRZWT371W92CYZVR,Daven,Lax,dlaxgq@friendfeed.com,Puce
01H0B0H01WABXMPZHQP3H5FQ13,Lib,Mycock,lmycockgr@wired.com,Mauv
01H0B0H01WB11VG3THXPWFMBZG,Claire,Mangin,cmangings@sphinn.com,Khaki
01H0B0H01XF519RA79RTHJYBYR,Dannel,Iremonger,diremongergt@nasa.gov,Teal
01H0B0H01XJKQPFMNZPW1NFV8Y,Neville,Dumingo,ndumingogu@about.com,Khaki
01H0B0H01Y9AEFRXJW3KB6D8PR,Jaime,Songust,jsongustgv@reference.com,Violet
01H0B0H01YDMAS7XBC6K7A0QTS,Lyndsie,Slimon,lslimongw@java.com,Maroon
01H0B0H01Z43EQ2PNAM2E148MH,Stafford,McIlheran,smcilherangx@goodreads.com,Violet
01H0B0H02R4BMPBW7MB8N3H4VC,Billy,Edgeson,bedgesongy@over-blog.com,Purple
01H0B0H02SXKEBSJMD5KKDKG83,Dorothee,Bumpus,dbumpusgz@stanford.edu,Indigo
01H0B0H02SW42RPKTSN20R7TC6,Jarvis,Dominka,jdominkah0@java.com,Pink
01H0B0H02TG959JCQ7BE1HVHZX,Rolfe,Krollman,rkrollmanh1@slate.com,YELLOW
01H0B0H02TFTT59RP5KZ2BS1QB,Marrilee,Focke,mfockeh2@baidu.com,Fuscia
01H0B0H02VBY3APQY6MSHY9YP0,Romonda,Aland,ralandh3@yellowbook.com,Green
01H0B0H02V9RHC2YMEYK139BPJ,Pattie,Wiltshier,pwiltshierh4@ox.ac.uk,Turquoise
01H0B0H02WR58W0H0S1RKHD6CY,Lezley,Greatham,lgreathamh5@ucsd.edu,Blue
01H0B0H02WHP84TZ4TXAWMFRFN,Tootsie,Threadgold,tthreadgoldh6@cdbaby.com,Teal
01H0B0H02X5X5A1DE96D9TVCRW,Alvis,Thaxton,athaxtonh7@123-reg.co.uk,Violet
01H0B0H02Y35AYSGSXVSHZ4KRX,Hillard,Plumridege,hplumridegeh8@blogger.com,Orange
01H0B0H02YFBQDKE7GWGY0VQ5S,Georgiana,Mussotti,gmussottih9@washingtonpost.com,Crimson
01H0B0H02YQAGNWSMZ178397CB,Tiffy,Jorger,tjorgerha@wikia.com,Red
01H0B0H02ZMAYMA5FTMCNNQPS5,Carl,Dampier,cdampierhb@xing.com,Purple
01H0B0H02ZT0FQ4GNE028RV9K3,Winonah,De Leek,wdeleekhc@sphinn.com,Green
01H0B0H030EBR5JC185DGP8EE7,Johannes,Raggatt,jraggatthd@homestead.com,Violet
01H0B0H030P7KBTF44W4BT3END,Riannon,Banting,rbantinghe@istockphoto.com,Puce
01H0B0H031S6FT58CR7XMMCN5H,Ferris,Giannoni,fgiannonihf@webmd.com,Teal
01H0B0H031RGM20BPECD94G0CE,Kimberlyn,Locks,klockshg@parallels.com,Maroon
01H0B0H03277T5EYNKQSJR06BQ,Cyndia,Lillegard,clillegardhh@angelfire.com,Goldenrod
01H0B0H03220RPDQK5DRWJSN99,Germaine,Grigorkin,ggrigorkinhi@ning.com,Yellow
01H0B0H03349RTC7AF2TBDPQQH,Vassily,Ive,vivehj@home.pl,Mauv
01H0B0H033FSS27M00JYESJ9YD,Vincent,Gallimore,vgallimorehk@webmd.com,Maroon
01H0B0H034YD7SR91SWNA7CJN2,Koral,Koche,kkochehl@desdev.cn,Fuscia
01H0B0H0346BSMH4PQDPEW7JPD,Dannye,Powland,dpowlandhm@nih.gov,Goldenrod
01H0B0H035X9XG27E06ZYNJNHW,Leanora,Whittock,lwhittockhn@techcrunch.com,Mauv
01H0B0H0350YQZ0PMBGFSZ0C99,Tracie,Cripps,tcrippsho@redcross.org,Mauv
01H0B0H0366Q7MWKAD6BH4QS3G,Veronika,Mealiffe,vmealiffehp@newsvine.com,Blue
01H0B0H036TQAKAQR9CAAG8Y9P,Leena,Sang,lsanghq@ucoz.com,Crimson
01H0B0H037SSFERXZFW4RRA8Q2,Ruperto,Skipp,rskipphr@wikispaces.com,Maroon
01H0B0H037E6S279SH2EX8NZB9,Jorey,Luckett,jlucketths@google.com.hk,Orange
01H0B0H038MBSC9XD8ASW2TKDK,Neile,Berrisford,nberrisfordht@blog.com,Orange
01H0B0H038JC889JRWPPBV3896,Vernen,Guiden,vguidenhu@drupal.org,Orange
01H0B0H039QKXK7GMF4P7Y7JW9,Charleen,Rosenbarg,crosenbarghv@ucla.edu,Violet
01H0B0H039B6FWW2R06CZA38AJ,Annamaria,Braycotton,abraycottonhw@archive.org,Red
01H0B0H03AARHXN9ZXHGXQGAWX,Suellen,Jenne,sjennehx@pagesperso-orange.fr,Violet
01H0B0H03A41P05112B3MQQN78,Lurleen,Goodisson,lgoodissonhy@about.me,Khaki
01H0B0H03B7TSQPGP8NZKA3ZW4,Flynn,Vidgeon,fvidgeonhz@fda.gov,Khaki
01H0B0H03BFS48MZWR4NT7RCZ8,Terrell,Snare,tsnarei0@last.fm,Pink
01H0B0H03CXQTZ51G2S3RG2KCQ,Salomi,Fluger,sflugeri1@scientificamerican.com,Aquamarine
01H0B0H03CJTDBK64A0KNHE6XP,Adelaide,Hartigan,ahartigani2@irs.gov,Maroon
01H0B0H03DFX8BGQCB8922W6K8,Fanechka,Grise,fgrisei3@reuters.com,Turquoise
01H0B0H03D2YM1M14XQSDQFT5A,Neale,Newey,nneweyi4@ed.gov,Puce
01H0B0H03E1VTZ22Y0GMJKZ8QK,Rosmunda,Greenhall,rgreenhalli5@tumblr.com,Pink
01H0B0H03EB6632GGP5EJWC5M0,Edgardo,Mandal,emandali6@netvibes.com,Fuscia
01H0B0H03FPNCQ1BPH2PBXRBG6,Marcos,O' Meara,momearai7@army.mil,Aquamarine
01H0B0H03F877EJQ0QKGD6KJYA,Minor,O'Spillane,mospillanei8@cpanel.net,Red
01H0B0H03GBQKV0NA4CR24BR8G,Simon,Buggs,sbuggsi9@vistaprint.com,Blue
01H0B0H03GN9FN6EF2K5Y2P6CX,Reta,Arnaez,rarnaezia@japanpost.jp,Aquamarine
01H0B0H03HJ2B2BCR30FX6P5HR,Irving,Counter,icounterib@geocities.jp,Orange
01H0B0H03H62RQM1EAQV1SGEST,Norrie,Pudsey,npudseyic@netlog.com,Puce
01H0B0H03JS9H4X48J3D6DKQ9P,Liane,Mattiessen,lmattiessenid@telegraph.co.uk,Khaki
01H0B0H03JVWX4R938HNV9XSTF,Justis,Gapper,jgapperie@ustream.tv,Indigo
01H0B0H03K4VZC85VFJ3YR1YM8,Auria,Libbey,alibbeyif@bbb.org,Puce
01H0B0H03KTNHCM06NW74AVZ81,Billy,Stable,bstableig@last.fm,YELLOW
01H0B0H03MVXS42D6CG7CYD6RG,Humfrey,Gerold,hgeroldih@thetimes.co.uk,Green
01H0B0H03MSAYQPW8JNA8HZM9R,Joaquin,Vowells,jvowellsii@google.de,Purple
01H0B0H03NTKMPVA6BG58WZ7X7,Estell,Erbe,eerbeij@vkontakte.ru,Fuscia
01H0B0H03PY9PPKAN6ANG8KF8V,Lisle,Gothup,lgothupik@technorati.com,Teal
01H0B0H03P41K7MMEHGKVANH42,Viole,Cantero,vcanteroil@ovh.net,Turquoise
01H0B0H03Q8VQTKJD5W2NQH4QB,Adeline,Wyllt,awylltim@furl.net,Yellow
01H0B0H03QJ1N05NEMC406T798,Rozalin,Duding,rdudingin@about.com,Yellow
01H0B0H03Q3JT49Z4THQNVS779,Norbie,Syphas,nsyphasio@oracle.com,Green
01H0B0H03R7PYQNBS5J236NA57,Moselle,Readwin,mreadwinip@live.com,Violet
01H0B0H03RVRZ2H78XDTB4T1KZ,Christel,Girvin,cgirviniq@ft.com,Puce
01H0B0H03S62EBY2BN8A7SK2SX,Scottie,Pancoust,spancoustir@gizmodo.com,Teal
01H0B0H03S225252Q8QJWVR5J7,Ab,Lewin,alewinis@illinois.edu,Purple
01H0B0H03TYG2RM3EFSZE2NGXN,Leoline,McClean,lmccleanit@uol.com.br,Violet
01H0B0H03T0T608R2HE7ESP8JJ,Nara,Norewood,nnorewoodiu@tripadvisor.com,Green
01H0B0H03VSK366F41C76QH1X2,Emlynn,Marson,emarsoniv@reddit.com,Crimson
01H0B0H03VVCXGN1WYBD9CSGCW,Drusie,Fenge,dfengeiw@twitpic.com,Fuscia
01H0B0H03W66N105P1Z8EASBF8,Ainslie,Josselson,ajosselsonix@disqus.com,Green
01H0B0H03WCJ7Y8MX25FEPTHCA,Sabina,Elcocks,selcocksiy@topsy.com,Mauv
01H0B0H03X246VTH3TP7C27QF7,Pyotr,Havvock,phavvockiz@quantcast.com,Maroon
01H0B0H03XMH9FHV1NFE9HZXT6,Atalanta,Sibbson,asibbsonj0@sina.com.cn,Orange
01H0B0H03YS7DYKYMHCBXK5QHY,Barn,Labden,blabdenj1@odnoklassniki.ru,Khaki
01H0B0H03YB1Q3BGQ7JATP1M3Y,Garry,Benka,gbenkaj2@artisteer.com,Turquoise
01H0B0H03ZE34FHW1E1XY6ZY4M,Liliane,Santello,lsantelloj3@bandcamp.com,Red
01H0B0H03ZQXWZ2SNSRHTPFSVS,Benito,Corpe,bcorpej4@yellowbook.com,Maroon
01H0B0H040JREW060ZJ0235RWC,Ella,Sauvan,esauvanj5@over-blog.com,Green
01H0B0H040ZXHTF20BBPPMWV66,Ebonee,Adanet,eadanetj6@zdnet.com,Indigo
01H0B0H041ETZM1DCQJS5VAHA8,Valli,Veal,vvealj7@tripadvisor.com,Maroon
01H0B0H041KZF19EMZWD4J8PTR,Romonda,Findley,rfindleyj8@wired.com,Puce
01H0B0H0426K6Y7B91E8B675H0,Pietrek,Hedin,phedinj9@wikia.com,Orange
01H0B0H04245N6SSVMCXSV5VJD,Morna,Gook,mgookja@vimeo.com,Indigo
01H0B0H043VSP3CW3SYPGYDJ1X,Torr,Hallad,thalladjb@spiegel.de,Violet
01H0B0H04329PY0MTM5MFYBGEC,Codee,Sidebotton,csidebottonjc@1688.com,Orange
01H0B0H044DK3WPW00BG6KAZ9G,Carleen,Coultass,ccoultassjd@archive.org,Fuscia
01H0B0H044AAJZPC38CP518X53,Benedict,Sellar,bsellarje@geocities.com,Teal
01H0B0H045795NTPSFEZXRG5EX,Mersey,Simnor,msimnorjf@symantec.com,Khaki
01H0B0H045B3ME5CJ92ZE7ND6Y,Patricia,Westhofer,pwesthoferjg@miibeian.gov.cn,Mauv
01H0B0H046K5CC88JHP6PKMMP0,Tyson,Sangwin,tsangwinjh@engadget.com,Orange
01H0B0H0466GZRHQDAXNC38YQ1,Giulio,Charville,gcharvilleji@virginia.edu,Turquoise
01H0B0H047E9AJJFSN3ZT7T9NJ,Kaylyn,Borrington,kborringtonjj@infoseek.co.jp,Teal
01H0B0H047KP05ZRKCQWMFZ1GA,Reece,Bullier,rbullierjk@msu.edu,Pink
01H0B0H0485VND7D3282HGQC4S,Claudell,Tryhorn,ctryhornjl@walmart.com,Teal
01H0B0H04888FWM66HMA155EZZ,Umeko,Tudhope,utudhopejm@purevolume.com,Orange
01H0B0H049BJB019YJF2H6VM6B,Isidore,Cristofolini,icristofolinijn@cbsnews.com,Mauv
01H0B0H0497ZF990H41MHABWX5,Anni,Columbell,acolumbelljo@bigcartel.com,Pink
01H0B0H04A627JPDM9GW0EZ1D2,Con,Coultish,ccoultishjp@shop-pro.jp,Puce
01H0B0H04AXJCATXWEQY7T3656,Ben,Kime,bkimejq@istockphoto.com,Orange
01H0B0H04BQWZM2M56JV1ZQVWC,Mattias,Staziker,mstazikerjr@discovery.com,Green
01H0B0H04BR4CHMQ1V4R9QSH3H,Teddie,Le land,tlelandjs@fc2.com,Orange
01H0B0H04CYSC2TX0DE3T2QX8Z,Ryley,Wermerling,rwermerlingjt@blinklist.com,Indigo
01H0B0H04CZ03JS2MXPX1EVHRW,Demetris,Kleinstub,dkleinstubju@quantcast.com,Yellow
01H0B0H04DBHTXRD5HS20DQ2HV,Garrard,Kennefick,gkennefickjv@google.com.hk,YELLOW
01H0B0H04DFHWYMY8PX24HMMXJ,June,Ramsdell,jramsdelljw@msu.edu,Purple
01H0B0H04E6CD420FNN9TPEGTC,Corliss,Baccas,cbaccasjx@newyorker.com,Orange
01H0B0H04EG6RAED50RCXJWHBG,Hobie,Padrick,hpadrickjy@dedecms.com,Fuscia
01H0B0H04FCV3SE44421B3RX48,Joshua,Allaker,jallakerjz@ning.com,Violet
01H0B0H04FJPH9WN1JN3AEP3VJ,Betsy,Alexsandrovich,balexsandrovichk0@networksolutions.com,Puce
01H0B0H04FSMFEWX6XA22G6JEA,Tristam,Ellph,tellphk1@dagondesign.com,Crimson
01H0B0H04GNJHJA47EK85XJEQN,Lesya,Coryndon,lcoryndonk2@youtube.com,Orange
01H0B0H04G9HXGCDPVNANR8JP6,Esme,Murrells,emurrellsk3@unicef.org,Red
01H0B0H04HBRT2TKB4ADRXVY92,Bing,Dunbobin,bdunbobink4@vinaora.com,Purple
01H0B0H04H204JRM93ZVAGWKH4,Abe,Puckham,apuckhamk5@amazonaws.com,Goldenrod
01H0B0H04JVTDXRXPYV120WHVE,Piggy,Frake,pfrakek6@elpais.com,Green
01H0B0H04J0E3APZN4WYHZNGMS,Ginny,Dobsons,gdobsonsk7@jimdo.com,Turquoise
01H0B0H04K3YAPBZX4NB6PH93A,Roger,Rosenblatt,rrosenblattk8@apple.com,Goldenrod
01H0B0H04KB3RCE4MQ4DQEFK7Y,Alejoa,Berrey,aberreyk9@cbc.ca,Red
01H0B0H04MP6PWVTGKGFSW01DD,Nels,Bater,nbaterka@uol.com.br,Teal
01H0B0H04MABMD4BTKM5DXPFKW,Leyla,Gonthier,lgonthierkb@smugmug.com,Maroon
01H0B0H04NQ5HW9RWKXJZ43XK0,Thalia,Orwin,torwinkc@jiathis.com,Indigo
01H0B0H04N6AEQNHGV5ZJMV5MM,Virgina,McRitchie,vmcritchiekd@tuttocitta.it,Green
01H0B0H04PRPGA5Y008D9AQFF5,Merv,Paviour,mpaviourke@vimeo.com,Indigo
01H0B0H04PBWK2KT6DRTN7JVGA,Mead,Mockford,mmockfordkf@imdb.com,Aquamarine
01H0B0H04QMBW93CEMC5QS9Y59,Terrel,Smalls,tsmallskg@hc360.com,Purple
01H0B0H04Q53WVC84G0M6EZQ0H,Leigha,Bows,lbowskh@indiegogo.com,Green
01H0B0H04R2GAP3PH22BJY41B8,Amil,Bonett,abonettki@cargocollective.com,Mauv
01H0B0H04RTS0A4QTJF3YH2S9F,Dell,Vennard,dvennardkj@google.com.hk,Green
01H0B0H04S46XAHD3PZZWT0WZS,Rutledge,Hunnable,rhunnablekk@netvibes.com,Aquamarine
01H0B0H04SRSYF3Q0FHW9J9G1Y,Laney,Rau,lraukl@meetup.com,Indigo
01H0B0H04T9G83YS1MXQKXETV9,Ario,Prestney,aprestneykm@yellowbook.com,Indigo
01H0B0H04TYB92MZPDN9AM10S8,Verge,Malley,vmalleykn@constantcontact.com,Teal
01H0B0H04VPBTT5TY7PG0ECD82,Dylan,Bradfield,dbradfieldko@jimdo.com,Yellow
01H0B0H04V62WSV83WPCV5B28V,Phebe,Duffit,pduffitkp@artisteer.com,Violet
01H0B0H04WDP7E3QQS34E0R6N4,Amitie,Myott,amyottkq@skype.com,Teal
01H0B0H04W06TS0C7XWN0R60K4,Ramon,De Beauchemp,rdebeauchempkr@purevolume.com,Pink
01H0B0H04XNSEGPXZ4RAEEP9PC,Karol,Hinkley,khinkleyks@networkadvertising.org,Mauv
01H0B0H04X4X18KGAXVE0WE83N,Verine,Hampe,vhampekt@bluehost.com,Blue
01H0B0H04YHCZM8MKSDNWF5Q56,Jermain,Tollfree,jtollfreeku@bigcartel.com,Aquamarine
01H0B0H04YRT09MHG4R53MF6QH,Kitty,Warsop,kwarsopkv@google.pl,Turquoise
01H0B0H04ZD4PZ9DCB2C29T4G1,Rodrique,Book,rbookkw@virginia.edu,Purple
01H0B0H04ZTZJE2HTVGGNVFCDP,Kendal,Moffett,kmoffettkx@prnewswire.com,Red
01H0B0H0506TA5GM9RK0TMJT6F,Edwina,Ivatts,eivattsky@360.cn,Yellow
01H0B0H0500JWHTXAVPYEV0EJW,Cullie,Hirthe,chirthekz@cdc.gov,Goldenrod
01H0B0H0509KWBZ715SD4YZZ2D,Janey,Mannock,jmannockl0@businesswire.com,Puce
01H0B0H051ANT9RNJHD2DBEXRP,Bancroft,Sayles,bsaylesl1@wix.com,Crimson
01H0B0H0512Y8BG18VWGRPJMY6,Scarlett,Vurley,svurleyl2@nytimes.com,Turquoise
01H0B0H05236V83VE6HHABXVQP,Locke,Oxterby,loxterbyl3@angelfire.com,Goldenrod
01H0B0H052JV70HAMD6VT6RM5Y,Nona,Beggs,nbeggsl4@nps.gov,Violet
01H0B0H05367G6JYBBD2E6YC9Y,Genevra,Jaukovic,gjaukovicl5@nature.com,Puce
01H0B0H053T27C42YWZ08JNWJF,Elton,Barrington,ebarringtonl6@netscape.com,Fuscia
01H0B0H0540EM58R23WKV5E45Y,Delmore,Boddy,dboddyl7@live.com,Yellow
01H0B0H0541BA9JEXZHM51194G,Rachael,Kobel,rkobell8@gizmodo.com,Mauv
01H0B0H055XGYJSWEQCBMSKK32,Tamarah,Corwood,tcorwoodl9@freewebs.com,Yellow
01H0B0H05517SR7ZGCBMD0HNK0,Doralia,Thoresby,dthoresbyla@merriam-webster.com,Purple
01H0B0H056C7EASCN55XHHDP06,Terese,McWhannel,tmcwhannellb@blinklist.com,Blue
01H0B0H056XR1MZRR1DVDRCBHG,Kial,Wedgbrow,kwedgbrowlc@cmu.edu,Aquamarine
01H0B0H057B688M51EY1J2FCR3,Rhoda,Oxterby,roxterbyld@techcrunch.com,YELLOW
01H0B0H057A4A5S3F9NGKQKXZN,Raleigh,Duggary,rduggaryle@shareasale.com,Pink
01H0B0H058GV5NCASMGJPXA3FE,Douglass,Pinch,dpinchlf@scientificamerican.com,Teal
01H0B0H058ZDJ98TFVTDQZMN0P,Harold,Francillo,hfrancillolg@springer.com,Crimson
01H0B0H058A08AJ2KQJYWM8ERE,Brade,Ranson,bransonlh@wikimedia.org,Puce
01H0B0H059XS9WYQWK8RSAQ2PN,Skippy,Bertson,sbertsonli@simplemachines.org,Fuscia
01H0B0H059S39Y12CP1JD4Y3YW,Leontyne,Yarn,lyarnlj@accuweather.com,Aquamarine
01H0B0H05A0R2SPM70G1DFQ65B,Beatrisa,Erat,beratlk@elegantthemes.com,Khaki
01H0B0H05AJRXCZAMRY7VWDV3F,Forrest,Foukx,ffoukxll@msn.com,Purple
01H0B0H05BCPJ5ZKS1P1BZCHTZ,Chiarra,Mc Carrick,cmccarricklm@comcast.net,Crimson
01H0B0H05BK39JPR9QNVDJWYPS,Alaster,Olwen,aolwenln@ocn.ne.jp,Maroon
01H0B0H05C1H3S8A137NRCN7FE,Brockie,Joscelin,bjoscelinlo@youtu.be,Teal
01H0B0H05C2XNBE7TJCKFVVP1K,Harriette,McPartling,hmcpartlinglp@domainmarket.com,Yellow
01H0B0H05D58RNJ4TTZE9765WV,Victoir,Queree,vquereelq@senate.gov,Fuscia
01H0B0H05D9J97X1T4DKQTFXQN,Aleksandr,Devinn,adevinnlr@about.com,Pink
01H0B0H05E46VJMBE03MR59J91,Pooh,Kidsley,pkidsleyls@bigcartel.com,Fuscia
01H0B0H05EBM4M53GSZ4YHNPJB,Elita,De Winton,edewintonlt@elpais.com,Aquamarine
01H0B0H05F6X651HT1EC4R1JRV,Rustie,Ghilks,rghilkslu@lulu.com,Orange
01H0B0H05FJG46DS96EGTE7H91,Auguste,Buggs,abuggslv@prnewswire.com,Teal
01H0B0H05GKPM6KVJ4K6S5C41T,Antoinette,Leband,alebandlw@blogger.com,Aquamarine
01H0B0H05GM8VZNSQ3GCQY9YSH,Cece,Pesek,cpeseklx@zimbio.com,Purple
01H0B0H05GS3F0GFAK1QNR4M0P,Renate,Kimbling,rkimblingly@dedecms.com,Red
01H0B0H05H9PVTX873K03YAVP5,Willa,Masser,wmasserlz@ehow.com,Green
01H0B0H05JXHJPTYBW4VJ0T2K7,Ari,Crownshaw,acrownshawm0@mail.ru,Crimson
01H0B0H05JAMPY8Y37N4X9PM9F,Josi,Filochov,jfilochovm1@bigcartel.com,Turquoise
01H0B0H05K2656AWWN3146BW8W,Welby,Andrei,wandreim2@chron.com,Purple
01H0B0H05K98V22P64VW3XVTJ7,Noble,Mustoe,nmustoem3@businessinsider.com,Puce
01H0B0H05M4E4P3220MYM79V7J,Jackquelin,Trenholm,jtrenholmm4@nifty.com,Puce
01H0B0H05M9W86EDEEMNP1C48W,Othella,Meldon,omeldonm5@cargocollective.com,Fuscia
01H0B0H05MGCHH21CWJYQRRAVM,Bonni,Birtwhistle,bbirtwhistlem6@wordpress.com,Green
01H0B0H05NZHGXFR77E5A1ND9E,Kitty,Dorrance,kdorrancem7@goo.ne.jp,Mauv
01H0B0H05N527JTHQ56VEH641E,Gertruda,Breagan,gbreaganm8@pagesperso-orange.fr,Green
01H0B0H05PHWGRJWZ3M71TKP03,Esta,Jerams,ejeramsm9@apple.com,Aquamarine
01H0B0H05P4K6WD9E299VG7M4V,Putnam,Duff,pduffma@github.com,Khaki
01H0B0H05QP7J7601DPCDT7196,Trumaine,Ambrogioni,tambrogionimb@about.com,Red
01H0B0H05Q1MB8DYT13V00P809,Felicia,Gaine,fgainemc@smugmug.com,Fuscia
01H0B0H05RS7W2Y7DGDXTKCQRK,Emmey,Kilminster,ekilminstermd@va.gov,Fuscia
01H0B0H05R9E5V492TE769HEBW,Ced,Rylatt,crylattme@umich.edu,Red
01H0B0H05SBWE18K6GTTS30K3G,Hort,Assur,hassurmf@quantcast.com,Yellow
01H0B0H05SYBTFKDSCPHSW2177,Chastity,Ovanesian,covanesianmg@woothemes.com,Purple
01H0B0H05TQWGBY1MDPRP4RHQ4,Francoise,McQuaid,fmcquaidmh@blinklist.com,Khaki
01H0B0H05TKPWR5T22G4F69XH6,Allina,Satyford,asatyfordmi@cdbaby.com,Purple
01H0B0H05V88XKRYXD33TXF98A,Milo,Hammersley,mhammersleymj@wiley.com,Goldenrod
01H0B0H05VZK4E78PC3TNCTFQS,Daven,Bristo,dbristomk@netlog.com,Maroon
01H0B0H05WZ34R1CF25TXHJYD1,Philbert,Whordley,pwhordleyml@gizmodo.com,Indigo
01H0B0H05WTRFYPR8FTDYAJGDK,Babb,Point,bpointmm@webeden.co.uk,Indigo
01H0B0H05WX5KB6CKYHJRGA79C,Frazier,Peckitt,fpeckittmn@google.com.au,Purple
01H0B0H05XKEWWRW904A7R5RAN,Katharine,Manuel,kmanuelmo@edublogs.org,Green
01H0B0H05X5EFCDN1DNP3PACWK,Minda,Di Bartolomeo,mdibartolomeomp@marketwatch.com,Purple
01H0B0H05YV8A1A6Q1VRDRWZHS,Giustino,Digg,gdiggmq@yandex.ru,Puce
01H0B0H05YJBBDG2WMCEREQPFM,Maddy,Kleinpeltz,mkleinpeltzmr@sourceforge.net,Goldenrod
01H0B0H05Z4TFPK1540GTXQMB2,Kamilah,Schrinel,kschrinelms@cbsnews.com,Maroon
01H0B0H05ZC5RSZGZFVKJ8HCN4,Evangelin,Latehouse,elatehousemt@va.gov,Teal
01H0B0H06039WYH9EA0MWSM23R,Geordie,Mouland,gmoulandmu@mysql.com,Green
01H0B0H060XJX7VZPTA23H0ST3,Faydra,Twitching,ftwitchingmv@shop-pro.jp,YELLOW
01H0B0H061N43FZRT10XBG19V1,Terry,Dable,tdablemw@ebay.co.uk,Puce
01H0B0H0613ASH3WFEQQCS65SN,Kaycee,Stutte,kstuttemx@icq.com,Pink
01H0B0H062XZR90QMX378A110Q,Felic,Mewha,fmewhamy@cam.ac.uk,Crimson
01H0B0H062Q4E5A2KBZBN1WVFP,Ignatius,Poppy,ipoppymz@a8.net,Goldenrod
01H0B0H063NAD72X2FXBZWTNSF,Rainer,Maciak,rmaciakn0@eepurl.com,Fuscia
01H0B0H063Z0P1KC0VJAR665Z5,Evonne,Backshell,ebackshelln1@rakuten.co.jp,Fuscia
01H0B0H063DVENYGEPSVKVEB6A,Becki,Barthod,bbarthodn2@accuweather.com,Indigo
01H0B0H064Z13ZEAX8DER4GTRX,Wilhelm,Halston,whalstonn3@aboutads.info,Mauv
01H0B0H0646EG33EXQRW4S2XV6,Letizia,Kincade,lkincaden4@yahoo.com,Teal
01H0B0H065NC3VCW80NE6GG9KY,Lenci,Gomar,lgomarn5@hibu.com,Mauv
01H0B0H065AK9VTJPJJAFVGE5Z,Conroy,Rendle,crendlen6@icio.us,Red
01H0B0H066WJ6J4YE5NXV8YNT4,Bat,Cousen,bcousenn7@mtv.com,Turquoise
01H0B0H066Y9QCW5V46ZPQM8M8,Donnamarie,Lockton,dlocktonn8@vistaprint.com,Goldenrod
01H0B0H067MCM1YW4C2TJ4XA06,Loleta,Surcomb,lsurcombn9@apple.com,Violet
01H0B0H067MYCX32ZAJN8HAHH9,Pearce,Groundwater,pgroundwaterna@acquirethisname.com,Purple
01H0B0H068Z4E078WFN51EGY9V,Shanan,Sallenger,ssallengernb@cafepress.com,Aquamarine
01H0B0H0686QQQEJSWA98FVBMF,West,Stayt,wstaytnc@icq.com,Crimson
01H0B0H069RHD8AWVA8W8PPAQ6,Rich,Lutz,rlutznd@usgs.gov,Crimson
01H0B0H069F0V0Z4APC7T62N7W,Star,Palin,spalinne@diigo.com,Teal
01H0B0H06AAVTEWBDJ427Q9FY7,Rossy,Croyser,rcroysernf@altervista.org,Turquoise
01H0B0H06AY6FQSS6PDEE6KYCS,Brigida,Todaro,btodarong@upenn.edu,Turquoise
01H0B0H06B7A07RAJXZ7PDADRG,Bil,Habble,bhabblenh@sfgate.com,Green
01H0B0H06BPN6BGWSVY4AC2HJV,Stanly,Hemmingway,shemmingwayni@ucoz.com,Teal
01H0B0H06B740MBYXTPD613TY5,Alice,Campana,acampananj@apple.com,Fuscia
01H0B0H06CP48XJBD6ASD26CDB,Opaline,Paddie,opaddienk@miitbeian.gov.cn,Maroon
01H0B0H06CSBPH9GCV1R3TX2RX,Evania,Brayn,ebraynnl@friendfeed.com,Purple
01H0B0H06DP4MFH7DJZNWY91ST,Joycelin,Chetwind,jchetwindnm@cnn.com,Orange
01H0B0H06D6P7X3ZAEEFRW05P4,Dorrie,Dimelow,ddimelownn@tumblr.com,Purple
01H0B0H06ETNSNXE54H3ZW7TYF,Anna-maria,Ferreira,aferreirano@hubpages.com,Puce
01H0B0H06EY1PAAN2C00D1WBA2,Fitzgerald,Burnes,fburnesnp@springer.com,Yellow
01H0B0H06F9PEQSEATB01CWWET,Catarina,Blasl,cblaslnq@tinyurl.com,Pink
01H0B0H06F7927ZC7CC8PVH7HA,Dominique,Jimenez,djimeneznr@ocn.ne.jp,Puce
01H0B0H06GE6MSJKGTAT0F614Y,Gisela,Hallut,ghallutns@patch.com,Aquamarine
01H0B0H06GQRCETTBB6DXHR6TZ,Aundrea,Aasaf,aaasafnt@nba.com,Indigo
01H0B0H06HNCKX80RJ68159TEN,Amata,Rockcliffe,arockcliffenu@edublogs.org,Aquamarine
01H0B0H06H3A6BDY6X01Y6PGMP,Sheff,Rigby,srigbynv@nsw.gov.au,Crimson
01H0B0H06JCFF0MBWGPTQVZB2R,Leontine,Spinella,lspinellanw@e-recht24.de,Violet
01H0B0H06K4SPFZBCEPJ0Q0B4R,Ted,Chestle,tchestlenx@constantcontact.com,Yellow
01H0B0H06KVW7YA5KZFTW4EMH3,Tedman,Gabala,tgabalany@soup.io,Pink
01H0B0H06M6EVET72H3F1YX9E5,Jean,Clougher,jcloughernz@istockphoto.com,Khaki
01H0B0H06MDA63VN8TN20G9CW0,Jewel,Delle,jdelleo0@cdbaby.com,Goldenrod
01H0B0H06N6WS1GZ43VC8WH676,Isidoro,Collacombe,icollacombeo1@upenn.edu,Goldenrod
01H0B0H06NPNZ7RTK781NE3Y7N,Katherina,Riall,kriallo2@cargocollective.com,Indigo
01H0B0H06P7CC27DN9A1GBPJH1,Bertrand,Tyrrell,btyrrello3@multiply.com,Puce
01H0B0H06PYFKWJWGPJTZRD5Y9,Terrill,Chittenden,tchittendeno4@ted.com,Goldenrod
01H0B0H06QEGRE1M4F95SHFBKY,Kurtis,Salzen,ksalzeno5@shareasale.com,Violet
01H0B0H06Q85V9GA04S34B3F54,Petra,Dibdin,pdibdino6@de.vu,Puce
01H0B0H06R04Z6333QC17R4ECY,Aguste,Breukelman,abreukelmano7@china.com.cn,Purple
01H0B0H06RY6R9GATM3XXXBGMC,Hillie,Ibanez,hibanezo8@answers.com,Violet
01H0B0H06SA9HK9MWZEGK8SZ0N,Sadella,Ellam,sellamo9@army.mil,Turquoise
01H0B0H06SR2PFNHE7F3KM596T,Wallache,Bohills,wbohillsoa@biglobe.ne.jp,YELLOW
01H0B0H06TPPXR7D8H8Q8357ND,Gerhardt,Jacquemy,gjacquemyob@freewebs.com,Blue
01H0B0H06T1GHPJFKAJK1QBYSV,Tadeas,Milella,tmilellaoc@gravatar.com,Red
01H0B0H06VWRPHPV6ZPFS1Z62S,Erny,Gaw,egawod@hostgator.com,Goldenrod
01H0B0H06V69CNH96BEDBT0Y9Y,Ilyse,Jancso,ijancsooe@theatlantic.com,Purple
01H0B0H06WNBM5FF2N1EHMGYPY,Demetre,Donalson,ddonalsonof@sogou.com,Khaki
01H0B0H06WPNRQN6QW5FVJZ05Y,Rene,Petracco,rpetraccoog@mapquest.com,Fuscia
01H0B0H06W9DTEQR1Z68G2EYC3,Christin,Camell,ccamelloh@kickstarter.com,Green
01H0B0H06XT26KQ2PE1APE2ZRR,Odie,Dassindale,odassindaleoi@51.la,Violet
01H0B0H06XH0C9DV9TXNQ12Z4V,Terrance,Helder,thelderoj@ftc.gov,Teal
01H0B0H06YVV1344E1533FFFEF,Sigismundo,Heads,sheadsok@ocn.ne.jp,Puce
01H0B0H06Y1Q4CWJYZ2R11T5AZ,Foss,Clutten,fcluttenol@arizona.edu,Goldenrod
01H0B0H06ZMF39NT2ZDM2Y6N8E,Roseline,Hawse,rhawseom@free.fr,Goldenrod
01H0B0H06ZVA3G7XENMCMY24RK,Ginny,Andrin,gandrinon@blog.com,Fuscia
01H0B0H070QEPHVKHVNG14BSMB,Silvan,Meenehan,smeenehanoo@constantcontact.com,Aquamarine
01H0B0H070TCHVDABF8Q30558R,Merola,Stedall,mstedallop@gnu.org,Maroon
01H0B0H0713ZPZ27SB8D9VMQH5,Lemar,Arrell,larrelloq@trellian.com,Blue
01H0B0H071732CNMXR8PT7D89M,Drake,Seacroft,dseacroftor@hexun.com,Indigo
01H0B0H0726DBMYMA4E5CSFD2C,Benedetto,Sumshon,bsumshonos@sohu.com,Orange
01H0B0H072HQNM3TBP5M8GTVRK,Malissia,Trenaman,mtrenamanot@pagesperso-orange.fr,Puce
01H0B0H073M4YGE2B8P3EWP8HJ,Sol,Stotherfield,sstotherfieldou@intel.com,Indigo
01H0B0H073505YCA0F6170EC62,Stefanie,Mattiussi,smattiussiov@economist.com,Puce
01H0B0H07493S7FR0W2YHPJJDC,Carrissa,Perigoe,cperigoeow@google.it,Teal
01H0B0H074KKF8RSGX5PGM9M3Y,Staci,Stagge,sstaggeox@nifty.com,Mauv
01H0B0H075W1T7BBP5MED3W11T,Freedman,Dilworth,fdilworthoy@alibaba.com,Turquoise
01H0B0H0750DPFH7VFAQ81BP47,Lurette,Aglione,laglioneoz@shutterfly.com,Aquamarine
01H0B0H075H8K336MW31HP18WN,Corrianne,Cottam,ccottamp0@wsj.com,Teal
01H0B0H076CB97RYNFT4MM1D73,Darwin,Zebedee,dzebedeep1@go.com,Indigo
01H0B0H076FXTK2H5TPFAM6WWM,Myles,Sutherland,msutherlandp2@moonfruit.com,Yellow
01H0B0H0779D9DMRT4KAY79JEK,Christel,Paskell,cpaskellp3@godaddy.com,Puce
01H0B0H0770FX3SRYG6DNTKAQX,Leupold,Pringell,lpringellp4@ucoz.ru,Teal
01H0B0H078TXSCHD2FT9BY8YZT,Netty,Elvins,nelvinsp5@sakura.ne.jp,Violet
01H0B0H078X7PKEG6Y4FMCCRQF,Bernadette,Medlar,bmedlarp6@marriott.com,Purple
01H0B0H079VT5KG5DMEZDC45BX,Kane,Lambdon,klambdonp7@is.gd,Purple
01H0B0H079PKR1NDY8N4PG90J1,Tierney,Shakelade,tshakeladep8@godaddy.com,Aquamarine
01H0B0H07AS0M2T3X508B3XS5S,Jilleen,Neathway,jneathwayp9@about.me,Khaki
01H0B0H07A7APSV1DHNK6EEYBN,Juana,Dhillon,jdhillonpa@google.es,Violet
01H0B0H07BTPQXD1SD51X8Y5VR,Austen,Collinson,acollinsonpb@ted.com,Yellow
01H0B0H07BKAWFDDQT7YQES9YJ,Tatiana,Vedeniktov,tvedeniktovpc@multiply.com,Aquamarine
01H0B0H07CDTS1KYSC4NF1JMV8,Brenn,Winters,bwinterspd@unc.edu,Orange
01H0B0H07CZMQ6KHV69RRZF1FH,Thaine,Escreet,tescreetpe@hibu.com,Crimson
01H0B0H07DWK9FZX4F09MWGDZ4,Biddy,Gebhardt,bgebhardtpf@studiopress.com,Red
01H0B0H07D2J75H5QP9CDD8DE5,Guthry,Goldney,ggoldneypg@cbslocal.com,Puce
01H0B0H07E62Y6Y9QX4VWXC4YC,Murial,Rowledge,mrowledgeph@merriam-webster.com,Goldenrod
01H0B0H07EPHRPWARQ68A6CY96,Maribeth,Chimes,mchimespi@yandex.ru,Puce
01H0B0H07FHS824J9B2N6SXRTD,Fabiano,Duggen,fduggenpj@nps.gov,Green
01H0B0H07F0DSS1CY2NXBYCQBA,Kaine,Ewert,kewertpk@hp.com,Khaki
01H0B0H07GFTTCZTFSJKW2H1FJ,Donia,Sheivels,dsheivelspl@tumblr.com,Maroon
01H0B0H07GFH722KY2VVDQ48KV,Duffy,Haley,dhaleypm@seattletimes.com,YELLOW
01H0B0H07HGJMWY9BD1X96BG7R,Trev,Plowman,tplowmanpn@archive.org,Turquoise
01H0B0H07HZBS3FWDQ9DGR6CTC,Ozzy,Paskins,opaskinspo@chronoengine.com,Aquamarine
01H0B0H07J12Y6V63HTZ7J8EMM,Noah,Coughtrey,ncoughtreypp@uiuc.edu,Red
01H0B0H07J94EAX98E6HZ9ATJV,Gardiner,Patinkin,gpatinkinpq@ucsd.edu,Orange
01H0B0H07KRF73P0X12QQBKZYW,Genna,Follows,gfollowspr@disqus.com,Teal
01H0B0H07K1APDZ14MQT0FGY7X,Hana,Mayger,hmaygerps@seesaa.net,Mauv
01H0B0H07M1S2AXHYR2RNVJQNQ,Sher,De Blasiis,sdeblasiispt@vistaprint.com,Red
01H0B0H07M7ZR6K0VZBAB2FA8M,Meade,Lowrie,mlowriepu@google.cn,Yellow
01H0B0H07NMMP29GJ77KNBH64W,Cello,Jerzycowski,cjerzycowskipv@oaic.gov.au,Goldenrod
01H0B0H07NRHECMYTVMJZJ7Z88,Nora,Harce,nharcepw@issuu.com,Purple
01H0B0H07NVXT8ZZKTDP92HQGY,Trace,Frayling,tfraylingpx@netscape.com,Turquoise
01H0B0H07P2YN0YBQWMRSZG6N3,Jill,Leveret,jleveretpy@blogspot.com,Purple
01H0B0H07P5XAX807DKYVH87NK,Felizio,Duiged,fduigedpz@vistaprint.com,Aquamarine
01H0B0H07QVK4CX44BED5QXS8W,Archambault,Hucknall,ahucknallq0@prweb.com,Mauv
01H0B0H07QEY3WT4MVT6GPMNKK,Germaine,Sleightholme,gsleightholmeq1@geocities.jp,Indigo
01H0B0H07RZDVJ4CDNJDD2YXD6,Morton,Littell,mlittellq2@hexun.com,Indigo
01H0B0H07R4RBEXRHGQN5N5PTR,Zelda,Rochester,zrochesterq3@google.nl,Puce
01H0B0H07S6ASANHRYQWTR3GPC,Murvyn,Du Pre,mdupreq4@miibeian.gov.cn,Mauv
01H0B0H07SWX2K5C06WY7SN9AS,Ernest,Kopf,ekopfq5@behance.net,Turquoise
01H0B0H07TC7CQEPPC5RS4YQST,Blaine,Barlthrop,bbarlthropq6@blinklist.com,Orange
01H0B0H07T1SC0N7JXQJPTAC9R,Niko,Drever,ndreverq7@list-manage.com,Goldenrod
01H0B0H07VBJ370PPKQ18T544S,Patten,Rainton,praintonq8@arstechnica.com,  YELLOW
01H0B0H07VKHC8AZAEW2BZ8QK0,Kordula,Knaggs,kknaggsq9@etsy.com,Puce
01H0B0H07W8PTAZTRT9D2DS6A2,Liliane,Shipperbottom,lshipperbottomqa@va.gov,Maroon
01H0B0H07W3ACMFBC2BM1DDQCW,Genny,Lethabridge,glethabridgeqb@a8.net,Teal
01H0B0H07X3J3W8EVMG2CBD0BH,Drucie,Scrannage,dscrannageqc@icq.com,Red
01H0B0H07XR8SSPXB72G1W7WEN,Bambie,Ouldcott,bouldcottqd@washington.edu,Puce
01H0B0H07YNN28TGP34R5V7MGR,Gaylord,Mulleary,gmullearyqe@craigslist.org,Orange
01H0B0H07Y4M7V3TYYJAKGW0WV,Hadleigh,Wakeling,hwakelingqf@friendfeed.com,Red
01H0B0H07ZJ2Y12KB40PRVSS8T,Dulcia,Celle,dcelleqg@slate.com,Turquoise
01H0B0H07ZN2CEAQST4RH27481,Sandy,Bilbey,sbilbeyqh@jugem.jp,Orange
01H0B0H0800624AJZE81Y09KB9,Laraine,Edmands,ledmandsqi@tuttocitta.it,Purple
01H0B0H080AR1EMH6ZPNVMFD69,Creighton,Lorkings,clorkingsqj@tinypic.com,Fuscia
01H0B0H080CT7TZCGZ3BDZF2EC,Mano,Dripps,mdrippsqk@ted.com,Violet
01H0B0H081S8R3A6FEFHZPB7K3,Melly,Stoven,mstovenql@phoca.cz,Mauv
01H0B0H081S8FVV1ZBKQZMJE2W,Quinlan,Clemmett,qclemmettqm@last.fm,Crimson
01H0B0H082M0MR3AKM5W801RDP,Emmery,McInally,emcinallyqn@cafepress.com,Red
01H0B0H082F9N74Y4Z839KMQ3C,Jami,Goodburn,jgoodburnqo@yandex.ru,Blue
01H0B0H083M7AZWH9F8QJSNNQG,Dante,Niece,dnieceqp@bloglovin.com,Goldenrod
01H0B0H083C3TZWJBMXX3MX1HV,Tadeo,Duffit,tduffitqq@sina.com.cn,Blue
01H0B0H0841QDXM8571Y03FX80,Marnia,Mattinson,mmattinsonqr@spiegel.de,Green
01H0B0H08468NBK90BEWM1NCMR,Stirling,Falck,sfalckqs@smh.com.au,Pink
01H0B0H085X8TNAWMNJ813P8TS,Rheta,Temby,rtembyqt@icio.us,Aquamarine
01H0B0H0856S6SJKBBFNHSY7C7,Farr,Honacker,fhonackerqu@ed.gov,Mauv
01H0B0H086M9Y0EKAMAEAHB6F5,Garrett,Giorgeschi,ggiorgeschiqv@samsung.com,Maroon
01H0B0H086RSVEJSE04EBNGTEJ,Hayyim,Blethyn,hblethynqw@cam.ac.uk,Violet
01H0B0H0879JQSVAD2WAAW6GBR,Teodoro,Sleicht,tsleichtqx@cyberchimps.com,Green
01H0B0H087C173FC4AVBDSFEP2,Cart,Weitzel,cweitzelqy@businessinsider.com,Pink
01H0B0H0886V7SNTHERECF7NWR,Lilith,Igoe,ligoeqz@blogger.com,Red
01H0B0H088N187EM3B3FZXSEKQ,Louisa,Cornely,lcornelyr0@census.gov,Green
01H0B0H089AA7WD0T1W0JMEJSR,Sonja,Canland,scanlandr1@globo.com,Aquamarine
01H0B0H08903Q8DA3B0Z8VTGM3,Case,Ventris,cventrisr2@csmonitor.com,Purple
01H0B0H08ADBWQYJBE5F1RF82Y,Erie,Mieville,emieviller3@mapy.cz,Mauv
01H0B0H08AAEJDG160F422M0T8,Tommie,Stonall,tstonallr4@cornell.edu,Pink
01H0B0H08BYBZTVZ7M94GBTJ66,Bekki,Jewers,bjewersr5@si.edu, red
01H0B0H08BV6VCM0NZTEZCTFTF,Redd,Farlam,rfarlamr6@facebook.com,Green
01H0B0H08BQA1TH0YTRKGV48XY,Susanna,Viegas,sviegasr7@reddit.com,Blue
01H0B0H08CP82Y085BKQPFG9P7,Jeramey,Insko,jinskor8@4shared.com,Yellow
01H0B0H08CNR768YRG33J4E02M,Nicola,Kinningley,nkinningleyr9@google.co.jp,Purple
01H0B0H08DVKSNXHH5E6GYC1J0,Royall,Nanetti,rnanettira@sphinn.com,Crimson
01H0B0H08D9ATEXSVG3Z11JP6H,Rivi,Fiddy,rfiddyrb@nyu.edu,Maroon
01H0B0H08EQ4H5133H5FAJA8SR,Roscoe,Goskar,rgoskarrc@diigo.com,Blue
01H0B0H08E23ASP9W6P20QTWEM,Niki,Heak,nheakrd@bloglines.com,Orange
01H0B0H08FRBSACS0WXT37GNJ0,Marylin,Leavold,mleavoldre@deliciousdays.com,Mauv
01H0B0H08FE1KT9Z3ZAJ8DSDQQ,Valentino,Martinelli,vmartinellirf@wiley.com,Mauv
01H0B0H08GV4VQZCPF99M09A7N,Wes,MacPhail,wmacphailrg@usa.gov,Maroon
01H0B0H08GC2VABPPHC2DCEVTZ,Sybilla,Rickerd,srickerdrh@huffingtonpost.com,Maroon
01H0B0H08H4R3EQ8CKHJNS0JXR,Kristine,Cunradi,kcunradiri@multiply.com,Teal
01H0B0H08HM80NQKJA8K54DZ4N,Cathee,Flancinbaum,cflancinbaumrj@google.com,Khaki
01H0B0H08JP073QST0MGFP4SMF,Trace,Jentle,tjentlerk@bluehost.com,Purple
01H0B0H08J713EZK69CNYEKB6H,Lorrie,Jays,ljaysrl@auda.org.au,Indigo
01H0B0H08JDD4R71FGBD7XF7GQ,Bartlet,Beake,bbeakerm@netscape.com,Crimson
01H0B0H08K7VZ8WN3HZ3TCRMP2,Brit,Coster,bcosterrn@vistaprint.com,Khaki
01H0B0H08KE9HPNA8TQ9DT05V7,Clareta,Agge,caggero@facebook.com,red
01H0B0H08MVAHM348T2NK6HXBS,Thorn,Hurlin,thurlinrp@cdbaby.com,RED
01H0B0H08M3VH8HA8GAF74KHVC,Julius,Bickmore,jbickmorerq@utexas.edu,Yellow
01H0B0H08NJTDD0JNZX5H7YSBN,Law,Langham,llanghamrr@wiley.com,Violet
